dataset,metric,contrast,n_pairs,ssrk_mean,baseline_mean,mean_difference,bca_ci_low,bca_ci_high,paired_randomization_p,holm_adjusted_p,decision
pbmc,ARI,SSRK - Variance,20,0.35486954134334037,0.04767066054743318,0.3071988807959071,0.28577331790126725,0.33109011478546546,9.99990000099999e-06,4.9999500004999955e-05,SSRK
pbmc,ARI,SSRK - STG,20,0.35486954134334037,0.3641738311484869,-0.009304289805146559,-0.034761342130737144,0.025131722689925723,0.5497045029549704,0.5497045029549704,ns
pbmc,ARI,SSRK - CAE,20,0.35486954134334037,0.30901704047246614,0.045852500870874155,0.017349602714596218,0.06564718673457681,0.0025699743002569973,0.0051399486005139945,SSRK
pbmc,ARI,SSRK - GAEFS,20,0.35486954134334037,0.2676473612527244,0.08722218009061596,0.057798777643591356,0.12207041637150398,2.999970000299997e-05,0.00011999880001199988,SSRK
pbmc,ARI,SSRK - SSFS,20,0.35486954134334037,0.31292724375770037,0.04194229758563996,0.026625456793849644,0.060225393291941466,9.99990000099999e-05,0.0002999970000299997,SSRK
pbmc,NMI,SSRK - Variance,20,0.5818746438567548,0.14544751574453005,0.43642712811222484,0.4215431372689286,0.4522332295545366,9.99990000099999e-06,4.9999500004999955e-05,SSRK
pbmc,NMI,SSRK - STG,20,0.5818746438567548,0.6120623162025972,-0.03018767234584236,-0.03712185699096724,-0.023387699854250293,9.99990000099999e-06,4.9999500004999955e-05,baseline
pbmc,NMI,SSRK - CAE,20,0.5818746438567548,0.5058561099840639,0.07601853387269095,0.060519983231383384,0.09049789315503026,9.99990000099999e-06,4.9999500004999955e-05,SSRK
pbmc,NMI,SSRK - GAEFS,20,0.5818746438567548,0.5014725219614939,0.08040212189526089,0.062239976732704996,0.1084848761104884,9.99990000099999e-06,4.9999500004999955e-05,SSRK
pbmc,NMI,SSRK - SSFS,20,0.5818746438567548,0.582848347670202,-0.0009737038134471021,-0.005097386539264911,0.0039537058682710974,0.6844231557684424,0.6844231557684424,ns
pbmc,MarkerHits,SSRK - Variance,20,14.0,0.45,13.55,13.2,13.8,9.99990000099999e-06,4.9999500004999955e-05,SSRK
pbmc,MarkerHits,SSRK - STG,20,14.0,14.0,0.0,-0.5,0.45,1.0,1.0,ns
pbmc,MarkerHits,SSRK - CAE,20,14.0,7.05,6.95,5.9,8.05,9.99990000099999e-06,4.9999500004999955e-05,SSRK
pbmc,MarkerHits,SSRK - GAEFS,20,14.0,7.95,6.05,5.15,6.85,1.999980000199998e-05,5.999940000599994e-05,SSRK
pbmc,MarkerHits,SSRK - SSFS,20,14.0,14.8,-0.8,-1.2,-0.45,0.0017999820001799983,0.0035999640003599965,baseline
pbmc,CoverageScore,SSRK - Variance,20,2.7999999999999994,0.4,2.3999999999999995,2.099999999999999,2.599999999999999,9.99990000099999e-06,4.9999500004999955e-05,SSRK
pbmc,CoverageScore,SSRK - STG,20,2.7999999999999994,2.531666666666667,0.2683333333333332,0.18999999999999986,0.34833333333333316,1.999980000199998e-05,5.999940000599994e-05,SSRK
pbmc,CoverageScore,SSRK - CAE,20,2.7999999999999994,1.7166666666666663,1.0833333333333335,0.8991666666666666,1.2441666666666664,9.99990000099999e-06,4.9999500004999955e-05,SSRK
pbmc,CoverageScore,SSRK - GAEFS,20,2.7999999999999994,1.9041666666666668,0.8958333333333333,0.8074999999999998,0.9833333333333332,1.999980000199998e-05,5.999940000599994e-05,SSRK
pbmc,CoverageScore,SSRK - SSFS,20,2.7999999999999994,2.6999999999999997,0.09999999999999995,0.05499999999999998,0.1566666666666666,0.002019979800201998,0.002019979800201998,SSRK
mnist,ARI,SSRK - Variance,20,0.36478413813028177,0.3638948232071989,0.000889314923082965,-0.0009184286413855315,0.0039015246340060603,0.46675533244667555,0.46675533244667555,ns
mnist,ARI,SSRK - STG,20,0.36478413813028177,0.3599366289195924,0.004847509210689408,0.001702297213781248,0.009931934593227257,0.01988980110198898,0.03977960220397796,SSRK
mnist,ARI,SSRK - CAE,20,0.36478413813028177,0.2887278068904409,0.07605633123984087,0.07137580355383548,0.08067461166392413,9.99990000099999e-06,4.9999500004999955e-05,SSRK
mnist,ARI,SSRK - GAEFS,20,0.36478413813028177,0.22291025531847244,0.14187388281180938,0.1308615604986627,0.15378173000803064,1.999980000199998e-05,5.999940000599994e-05,SSRK
mnist,ARI,SSRK - SSFS,20,0.36478413813028177,0.2820108514144829,0.08277328671579896,0.07639218250251573,0.09215356952460156,9.99990000099999e-06,4.9999500004999955e-05,SSRK
mnist,NMI,SSRK - Variance,20,0.5023768733451368,0.5014022998151493,0.0009745735299875269,-0.00042157537082027,0.002849767244398161,0.27488725112748874,0.27488725112748874,ns
mnist,NMI,SSRK - STG,20,0.5023768733451368,0.49548603649157597,0.00689083685356075,0.0038591632939909827,0.010845787647949707,0.00043999560004399956,0.0008799912000879991,SSRK
mnist,NMI,SSRK - CAE,20,0.5023768733451368,0.42883629782771304,0.07354057551742368,0.06866588156929276,0.076265429853389,9.99990000099999e-06,4.9999500004999955e-05,SSRK
mnist,NMI,SSRK - GAEFS,20,0.5023768733451368,0.3617054215386478,0.140671451806489,0.13212297232460646,0.1502166727283935,9.99990000099999e-06,4.9999500004999955e-05,SSRK
mnist,NMI,SSRK - SSFS,20,0.5023768733451368,0.4046374919812914,0.09773938136384533,0.09317450421463015,0.10399725636616929,9.99990000099999e-06,4.9999500004999955e-05,SSRK
mnist,CoverageEff,SSRK - Variance,20,0.5909179687499999,0.5906249999999998,0.0002929687500000444,1.9531250000037748e-05,0.0004882812500000445,0.03392966070339297,0.03392966070339297,SSRK
mnist,CoverageEff,SSRK - STG,20,0.5909179687499999,0.48929687499999996,0.10162109375000002,0.09341796875000002,0.10978515625,9.99990000099999e-06,4.9999500004999955e-05,SSRK
mnist,CoverageEff,SSRK - CAE,20,0.5909179687499999,0.47267578125,0.11824218749999997,0.11238281250000001,0.12332031250000001,9.99990000099999e-06,4.9999500004999955e-05,SSRK
mnist,CoverageEff,SSRK - GAEFS,20,0.5909179687499999,0.21044921875,0.38046874999999997,0.3731640625,0.388125,1.999980000199998e-05,4.9999500004999955e-05,SSRK
mnist,CoverageEff,SSRK - SSFS,20,0.5909179687499999,0.3003320312500001,0.29058593749999995,0.29029296874999994,0.29078125,9.99990000099999e-06,4.9999500004999955e-05,SSRK
fashion_mnist,ARI,SSRK - Variance,20,0.35181025564052104,0.35255359446760204,-0.0007433388270810054,-0.005122888521997567,0.0005492210848326001,0.7829921700782992,0.7829921700782992,ns
fashion_mnist,ARI,SSRK - STG,20,0.35181025564052104,0.29430193887393374,0.05750831676658739,0.045900104490574925,0.06807578267865233,1.999980000199998e-05,9.999900000999991e-05,SSRK
fashion_mnist,ARI,SSRK - CAE,20,0.35181025564052104,0.32884460978598073,0.022965645854540383,0.0158053522739617,0.029776112654310665,4.999950000499995e-05,9.999900000999991e-05,SSRK
fashion_mnist,ARI,SSRK - GAEFS,20,0.35181025564052104,0.27249136086515424,0.07931889477536687,0.0655059200409437,0.09861940913214023,1.999980000199998e-05,9.999900000999991e-05,SSRK
fashion_mnist,ARI,SSRK - SSFS,20,0.35181025564052104,0.33743426288937794,0.014375992751143065,0.007872129425608864,0.01759525545762027,2.999970000299997e-05,9.999900000999991e-05,SSRK
fashion_mnist,NMI,SSRK - Variance,20,0.5016682701105506,0.5050195246749709,-0.0033512545644202364,-0.009866431783401863,-0.00151859906228976,0.0002099979000209998,0.0006299937000629995,baseline
fashion_mnist,NMI,SSRK - STG,20,0.5016682701105506,0.43962722111130115,0.06204104899924958,0.04974474514306793,0.07370503484724192,9.99990000099999e-06,4.9999500004999955e-05,SSRK
fashion_mnist,NMI,SSRK - CAE,20,0.5016682701105506,0.494683774286328,0.0069844958242227225,-4.932953464540328e-05,0.014053807136422776,0.07439925600743992,0.14879851201487984,ns
fashion_mnist,NMI,SSRK - GAEFS,20,0.5016682701105506,0.4452700657874682,0.0563982043230825,0.04665997092969948,0.06808926282643346,9.99990000099999e-06,4.9999500004999955e-05,SSRK
fashion_mnist,NMI,SSRK - SSFS,20,0.5016682701105506,0.501519834087917,0.00014843602263367727,-0.005534380481268652,0.0027176344836611615,0.9596304036959631,0.9596304036959631,ns
fashion_mnist,CoverageEff,SSRK - Variance,20,0.2987109375,0.2984375000000001,0.0002734374999999789,-0.0005078125000000183,0.0009765624999999833,0.5545644543554564,0.5545644543554564,ns
fashion_mnist,CoverageEff,SSRK - STG,20,0.2987109375,0.3887109375,-0.09,-0.10437278301480737,-0.07523196591875277,9.99990000099999e-06,4.9999500004999955e-05,baseline
fashion_mnist,CoverageEff,SSRK - CAE,20,0.2987109375,0.19472656249999998,0.10398437499999999,0.09693398385407552,0.10855468750000001,9.99990000099999e-06,4.9999500004999955e-05,SSRK
fashion_mnist,CoverageEff,SSRK - GAEFS,20,0.2987109375,0.0730859375,0.22562499999999996,0.21360342511937985,0.2383984375,1.999980000199998e-05,4.9999500004999955e-05,SSRK
fashion_mnist,CoverageEff,SSRK - SSFS,20,0.2987109375,0.23792968749999996,0.06078125000000001,0.0513213089420235,0.067265625,9.99990000099999e-06,4.9999500004999955e-05,SSRK
uci_har,Accuracy,SSRK - Variance,20,0.9488700373260943,0.9492772310824569,-0.0004071937563624173,-0.002432982694265352,0.001332337186069862,0.6872131278687214,0.6872131278687214,ns
uci_har,Accuracy,SSRK - STG,20,0.9488700373260943,0.9286087546657619,0.020261282660332513,0.017386760217555846,0.02401356076980976,1.999980000199998e-05,5.999940000599994e-05,SSRK
uci_har,Accuracy,SSRK - CAE,20,0.9488700373260943,0.9267492365117068,0.022120800814387505,0.019264659025674525,0.02483542585680352,9.99990000099999e-06,4.9999500004999955e-05,SSRK
uci_har,Accuracy,SSRK - GAEFS,20,0.9488700373260943,0.9400916185951814,0.00877841873091279,0.006186697267013564,0.012203070957200409,1.999980000199998e-05,5.999940000599994e-05,SSRK
uci_har,Accuracy,SSRK - SSFS,20,0.9488700373260943,0.9314319647098743,0.01743807261621987,0.015488259841084383,0.01979640312181877,9.99990000099999e-06,4.9999500004999955e-05,SSRK
uci_har,F1_macro,SSRK - Variance,20,0.9484770876470258,0.9491241995647659,-0.0006471119177401729,-0.0027184631195475615,0.0011147220445288297,0.5325146748532514,0.5325146748532514,ns
uci_har,F1_macro,SSRK - STG,20,0.9484770876470258,0.928089745073331,0.02038734257369463,0.017320077792115637,0.02415414973757796,9.99990000099999e-06,4.9999500004999955e-05,SSRK
uci_har,F1_macro,SSRK - CAE,20,0.9484770876470258,0.9272826696099404,0.02119441803708517,0.018352373596691594,0.024032569595032884,9.99990000099999e-06,4.9999500004999955e-05,SSRK
uci_har,F1_macro,SSRK - GAEFS,20,0.9484770876470258,0.9399088753226019,0.008568212324423747,0.005906985656236647,0.012039420299572426,1.999980000199998e-05,4.9999500004999955e-05,SSRK
uci_har,F1_macro,SSRK - SSFS,20,0.9484770876470258,0.9320845364661265,0.01639255118089924,0.014409539037633255,0.018838235491943602,9.99990000099999e-06,4.9999500004999955e-05,SSRK
uci_har,HNI,SSRK - Variance,20,0.0,0.5,-0.5,-0.5,-0.5,9.99990000099999e-06,4.9999500004999955e-05,SSRK
uci_har,HNI,SSRK - STG,20,0.0,0.3549479166666667,-0.3549479166666667,-0.3625,-0.3462239583333333,9.99990000099999e-06,4.9999500004999955e-05,SSRK
uci_har,HNI,SSRK - CAE,20,0.0,0.06653645833333333,-0.06653645833333333,-0.07174479166666667,-0.0609375,9.99990000099999e-06,4.9999500004999955e-05,SSRK
uci_har,HNI,SSRK - GAEFS,20,0.0,0.00013020833333333333,-0.00013020833333333333,-0.0006510416666666666,0.0,1.0,1.0,ns
uci_har,HNI,SSRK - SSFS,20,0.0,0.0,0.0,0.0,0.0,1.0,1.0,ns
uci_har,DomainBalance,SSRK - Variance,20,0.13394247404844292,0.2484861591695502,-0.11454368512110727,-0.13309904844290657,-0.09491782006920416,9.99990000099999e-06,4.9999500004999955e-05,SSRK
uci_har,DomainBalance,SSRK - STG,20,0.13394247404844292,0.2639273356401384,-0.1299848615916955,-0.1513948961937716,-0.11142949826989618,1.999980000199998e-05,7.999920000799993e-05,SSRK
uci_har,DomainBalance,SSRK - CAE,20,0.13394247404844292,0.16508434256055363,-0.031141868512110715,-0.04577205882352939,-0.014013840830449814,0.0017699823001769983,0.0035399646003539966,SSRK
uci_har,DomainBalance,SSRK - GAEFS,20,0.13394247404844292,0.13082828719723183,0.0031141868512110983,-0.020436851211072624,0.025097641564731994,0.7945720542794572,0.7945720542794572,ns
uci_har,DomainBalance,SSRK - SSFS,20,0.13394247404844292,0.1797145328719724,-0.04577205882352945,-0.06468425605536335,-0.02617773843638394,0.0003599964000359996,0.001079989200107999,SSRK
