seed,model,signal,q,threshold,selection_size,true_positives,false_positives,FDP,power,empty,selected
5000,signal,0.2,0.05,0.10829962827265263,23,21,2,0.08695652173913043,0.7,0,4 5 14 17 23 25 31 35 37 40 43 44 54 55 56 58 59 63 67 68 69 71 74
5000,signal,0.2,0.1,0.10742066651582718,23,21,2,0.08695652173913043,0.7,0,4 5 14 17 23 25 31 35 37 40 43 44 54 55 56 58 59 63 67 68 69 71 74
5000,signal,0.2,0.15,0.07817343221977353,32,27,5,0.15625,0.9,0,3 4 5 7 14 15 17 23 25 29 31 33 35 37 40 43 44 49 54 55 56 58 59 61 63 65 67 68 69 71 74 79
5001,signal,0.2,0.05,inf,0,0,0,0.0,0.0,1,
5001,signal,0.2,0.1,0.1045537794008851,23,22,1,0.043478260869565216,0.7333333333333333,0,3 8 13 19 20 21 22 23 27 32 33 34 44 47 49 53 60 63 66 67 69 73 76
5001,signal,0.2,0.15,0.08364430560031906,27,25,2,0.07407407407407407,0.8333333333333334,0,3 8 13 19 20 21 22 23 25 27 28 32 33 34 35 44 47 49 51 53 60 63 66 67 69 73 76
5002,signal,0.2,0.05,0.11095173619687557,21,19,2,0.09523809523809523,0.6333333333333333,0,1 3 12 14 15 18 21 32 33 38 43 44 46 47 50 64 65 66 67 74 77
5002,signal,0.2,0.1,0.09636129010468722,25,22,3,0.12,0.7333333333333333,0,1 3 5 12 14 15 18 19 21 32 33 38 43 44 46 47 50 64 65 66 67 68 74 77 78
5002,signal,0.2,0.15,0.07945193145424127,28,23,5,0.17857142857142858,0.7666666666666667,0,1 3 5 12 14 15 17 18 19 21 29 32 33 38 43 44 46 47 50 59 64 65 66 67 68 74 77 78
5003,signal,0.2,0.05,inf,0,0,0,0.0,0.0,1,
5003,signal,0.2,0.1,0.10578206591308117,21,20,1,0.047619047619047616,0.6666666666666666,0,1 4 8 9 10 13 14 23 24 33 44 47 50 51 52 59 65 71 75 76 79
5003,signal,0.2,0.15,0.08938537067733705,28,23,5,0.17857142857142858,0.7666666666666667,0,1 3 4 8 9 10 13 14 18 23 24 27 33 44 47 50 51 52 55 58 59 65 69 71 73 75 76 79
5004,signal,0.2,0.05,inf,0,0,0,0.0,0.0,1,
5004,signal,0.2,0.1,0.15312724355608226,11,11,0,0.0,0.36666666666666664,0,8 12 15 16 18 22 41 52 62 63 79
5004,signal,0.2,0.15,0.10474622891633771,21,21,0,0.0,0.7,0,2 8 10 12 15 16 18 22 35 40 41 42 43 44 49 52 55 62 63 74 79
5005,signal,0.2,0.05,inf,0,0,0,0.0,0.0,1,
5005,signal,0.2,0.1,0.12776361741125583,20,19,1,0.05,0.6333333333333333,0,1 2 4 5 6 7 11 14 18 29 31 39 42 51 57 58 59 70 73 74
5005,signal,0.2,0.15,0.12089065704494714,22,21,1,0.045454545454545456,0.7,0,1 2 4 5 6 7 11 14 18 29 31 39 42 51 55 57 58 59 62 70 73 74
5006,signal,0.2,0.05,inf,0,0,0,0.0,0.0,1,
5006,signal,0.2,0.1,inf,0,0,0,0.0,0.0,1,
5006,signal,0.2,0.15,0.081104901060462,28,21,7,0.25,0.7,0,5 6 7 8 9 14 22 24 31 32 36 37 39 43 47 48 50 53 58 59 60 62 65 71 76 77 78 79
5007,signal,0.2,0.05,inf,0,0,0,0.0,0.0,1,
5007,signal,0.2,0.1,0.1323532085865736,20,19,1,0.05,0.6333333333333333,0,8 11 19 21 24 31 38 42 44 46 54 56 58 60 65 67 68 72 75 76
5007,signal,0.2,0.15,0.12238051085732878,21,20,1,0.047619047619047616,0.6666666666666666,0,8 11 18 19 21 24 31 38 42 44 46 54 56 58 60 65 67 68 72 75 76
5008,signal,0.2,0.05,inf,0,0,0,0.0,0.0,1,
5008,signal,0.2,0.1,0.12906180331483483,15,15,0,0.0,0.5,0,6 10 11 16 17 23 26 30 33 36 37 49 52 53 61
5008,signal,0.2,0.15,0.11943114455789328,15,15,0,0.0,0.5,0,6 10 11 16 17 23 26 30 33 36 37 49 52 53 61
5009,signal,0.2,0.05,inf,0,0,0,0.0,0.0,1,
5009,signal,0.2,0.1,0.09241978786885738,21,20,1,0.047619047619047616,0.6666666666666666,0,0 6 9 12 14 18 19 21 26 29 30 32 35 49 53 59 69 71 73 77 78
5009,signal,0.2,0.15,0.09221989293582737,21,20,1,0.047619047619047616,0.6666666666666666,0,0 6 9 12 14 18 19 21 26 29 30 32 35 49 53 59 69 71 73 77 78
5010,signal,0.2,0.05,0.11767877191305161,21,20,1,0.047619047619047616,0.6666666666666666,0,0 1 2 3 11 15 20 23 26 28 30 33 34 43 50 53 54 58 59 61 65
5010,signal,0.2,0.1,0.11056858375668525,21,20,1,0.047619047619047616,0.6666666666666666,0,0 1 2 3 11 15 20 23 26 28 30 33 34 43 50 53 54 58 59 61 65
5010,signal,0.2,0.15,0.09473329056054354,24,23,1,0.041666666666666664,0.7666666666666667,0,0 1 2 3 11 15 20 23 25 26 28 30 32 33 34 43 46 50 53 54 58 59 61 65
5011,signal,0.2,0.05,0.10577327348291873,22,18,4,0.18181818181818182,0.6,0,5 8 10 12 15 16 17 18 28 29 35 37 46 47 48 50 55 64 66 75 76 77
5011,signal,0.2,0.1,0.08425541697070002,29,23,6,0.20689655172413793,0.7666666666666667,0,1 5 8 9 10 11 12 15 16 17 18 22 28 29 30 35 37 46 47 48 50 55 57 58 64 66 75 76 77
5011,signal,0.2,0.15,0.0747461872175336,30,23,7,0.23333333333333334,0.7666666666666667,0,1 5 8 9 10 11 12 15 16 17 18 22 28 29 30 35 37 38 46 47 48 50 55 57 58 64 66 75 76 77
5012,signal,0.2,0.05,inf,0,0,0,0.0,0.0,1,
5012,signal,0.2,0.1,inf,0,0,0,0.0,0.0,1,
5012,signal,0.2,0.15,0.14365640860050916,14,14,0,0.0,0.4666666666666667,0,11 16 19 24 26 36 44 52 53 54 55 57 66 74
5013,signal,0.2,0.05,0.09987593120895326,22,21,1,0.045454545454545456,0.7,0,0 2 6 10 14 17 20 22 37 39 44 49 51 54 56 57 63 64 68 70 72 76
5013,signal,0.2,0.1,0.08437305865809322,27,23,4,0.14814814814814814,0.7666666666666667,0,0 2 6 10 14 15 17 20 22 37 38 39 41 44 49 51 52 54 56 57 63 64 68 70 71 72 76
5013,signal,0.2,0.15,0.07672018725425005,29,24,5,0.1724137931034483,0.8,0,0 2 6 10 14 15 17 20 21 22 35 37 38 39 41 44 49 51 52 54 56 57 63 64 68 70 71 72 76
5014,signal,0.2,0.05,0.0834120936691761,24,23,1,0.041666666666666664,0.7666666666666667,0,7 8 18 24 25 31 35 36 39 41 44 46 50 52 54 56 59 61 62 63 69 70 78 79
5014,signal,0.2,0.1,0.08179400153458119,25,24,1,0.04,0.8,0,7 8 18 20 24 25 31 35 36 39 41 44 46 50 52 54 56 59 61 62 63 69 70 78 79
5014,signal,0.2,0.15,0.06837507914751768,30,27,3,0.1,0.9,0,2 7 8 12 17 18 20 24 25 31 35 36 38 39 41 44 46 50 52 54 56 59 61 62 63 69 70 77 78 79
5015,signal,0.2,0.05,0.11726199821569025,23,21,2,0.08695652173913043,0.7,0,8 9 14 17 25 26 27 31 34 42 43 46 49 50 57 61 65 67 72 73 74 75 76
5015,signal,0.2,0.1,0.0896609153598547,30,25,5,0.16666666666666666,0.8333333333333334,0,5 8 9 14 17 25 26 27 29 31 34 36 42 43 45 46 49 50 53 55 57 58 61 65 67 72 73 74 75 76
5015,signal,0.2,0.15,0.07149065993726253,35,27,8,0.22857142857142856,0.9,0,5 6 8 9 13 14 17 25 26 27 29 31 33 34 36 37 42 43 45 46 49 50 53 55 56 57 58 61 65 67 72 73 74 75 76
5016,signal,0.2,0.05,0.11813255595043301,21,18,3,0.14285714285714285,0.6,0,13 14 16 19 23 28 30 35 44 45 48 50 53 57 60 64 66 67 72 73 74
5016,signal,0.2,0.1,0.11769921892555431,21,18,3,0.14285714285714285,0.6,0,13 14 16 19 23 28 30 35 44 45 48 50 53 57 60 64 66 67 72 73 74
5016,signal,0.2,0.15,0.0779803323559463,27,23,4,0.14814814814814814,0.7666666666666667,0,8 13 14 16 19 23 28 30 35 38 41 44 45 47 48 50 53 57 60 64 66 67 69 70 72 73 74
5017,signal,0.2,0.05,inf,0,0,0,0.0,0.0,1,
5017,signal,0.2,0.1,0.10175663644913584,21,18,3,0.14285714285714285,0.6,0,8 11 12 14 15 16 19 23 34 38 43 48 56 59 61 62 68 70 72 74 77
5017,signal,0.2,0.15,0.09880114495754241,21,18,3,0.14285714285714285,0.6,0,8 11 12 14 15 16 19 23 34 38 43 48 56 59 61 62 68 70 72 74 77
5018,signal,0.2,0.05,inf,0,0,0,0.0,0.0,1,
5018,signal,0.2,0.1,0.1615688425314147,15,15,0,0.0,0.5,0,6 7 9 16 18 21 25 26 37 50 54 57 61 67 78
5018,signal,0.2,0.15,0.10548940300941467,25,22,3,0.12,0.7333333333333333,0,3 5 6 7 9 16 18 21 22 25 26 28 30 32 37 42 50 51 54 57 61 67 71 73 78
5019,signal,0.2,0.05,inf,0,0,0,0.0,0.0,1,
5019,signal,0.2,0.1,0.09504756014794111,23,19,4,0.17391304347826086,0.6333333333333333,0,1 8 13 14 15 17 24 35 41 42 43 44 50 52 54 56 57 60 67 69 74 76 79
5019,signal,0.2,0.15,0.08677153959870339,25,20,5,0.2,0.6666666666666666,0,1 8 13 14 15 17 24 35 38 39 41 42 43 44 50 52 54 56 57 60 67 69 74 76 79
6000,all_null,0.0,0.05,inf,0,0,0,0.0,nan,1,
6000,all_null,0.0,0.1,inf,0,0,0,0.0,nan,1,
6000,all_null,0.0,0.15,inf,0,0,0,0.0,nan,1,
6001,all_null,0.0,0.05,inf,0,0,0,0.0,nan,1,
6001,all_null,0.0,0.1,inf,0,0,0,0.0,nan,1,
6001,all_null,0.0,0.15,inf,0,0,0,0.0,nan,1,
6002,all_null,0.0,0.05,inf,0,0,0,0.0,nan,1,
6002,all_null,0.0,0.1,inf,0,0,0,0.0,nan,1,
6002,all_null,0.0,0.15,inf,0,0,0,0.0,nan,1,
6003,all_null,0.0,0.05,inf,0,0,0,0.0,nan,1,
6003,all_null,0.0,0.1,inf,0,0,0,0.0,nan,1,
6003,all_null,0.0,0.15,inf,0,0,0,0.0,nan,1,
6004,all_null,0.0,0.05,inf,0,0,0,0.0,nan,1,
6004,all_null,0.0,0.1,inf,0,0,0,0.0,nan,1,
6004,all_null,0.0,0.15,inf,0,0,0,0.0,nan,1,
6005,all_null,0.0,0.05,inf,0,0,0,0.0,nan,1,
6005,all_null,0.0,0.1,inf,0,0,0,0.0,nan,1,
6005,all_null,0.0,0.15,inf,0,0,0,0.0,nan,1,
6006,all_null,0.0,0.05,inf,0,0,0,0.0,nan,1,
6006,all_null,0.0,0.1,inf,0,0,0,0.0,nan,1,
6006,all_null,0.0,0.15,inf,0,0,0,0.0,nan,1,
6007,all_null,0.0,0.05,inf,0,0,0,0.0,nan,1,
6007,all_null,0.0,0.1,inf,0,0,0,0.0,nan,1,
6007,all_null,0.0,0.15,inf,0,0,0,0.0,nan,1,
6008,all_null,0.0,0.05,inf,0,0,0,0.0,nan,1,
6008,all_null,0.0,0.1,inf,0,0,0,0.0,nan,1,
6008,all_null,0.0,0.15,inf,0,0,0,0.0,nan,1,
6009,all_null,0.0,0.05,inf,0,0,0,0.0,nan,1,
6009,all_null,0.0,0.1,inf,0,0,0,0.0,nan,1,
6009,all_null,0.0,0.15,inf,0,0,0,0.0,nan,1,
6010,all_null,0.0,0.05,inf,0,0,0,0.0,nan,1,
6010,all_null,0.0,0.1,inf,0,0,0,0.0,nan,1,
6010,all_null,0.0,0.15,inf,0,0,0,0.0,nan,1,
6011,all_null,0.0,0.05,inf,0,0,0,0.0,nan,1,
6011,all_null,0.0,0.1,inf,0,0,0,0.0,nan,1,
6011,all_null,0.0,0.15,inf,0,0,0,0.0,nan,1,
6012,all_null,0.0,0.05,inf,0,0,0,0.0,nan,1,
6012,all_null,0.0,0.1,inf,0,0,0,0.0,nan,1,
6012,all_null,0.0,0.15,inf,0,0,0,0.0,nan,1,
6013,all_null,0.0,0.05,inf,0,0,0,0.0,nan,1,
6013,all_null,0.0,0.1,inf,0,0,0,0.0,nan,1,
6013,all_null,0.0,0.15,inf,0,0,0,0.0,nan,1,
6014,all_null,0.0,0.05,inf,0,0,0,0.0,nan,1,
6014,all_null,0.0,0.1,inf,0,0,0,0.0,nan,1,
6014,all_null,0.0,0.15,inf,0,0,0,0.0,nan,1,
6015,all_null,0.0,0.05,inf,0,0,0,0.0,nan,1,
6015,all_null,0.0,0.1,inf,0,0,0,0.0,nan,1,
6015,all_null,0.0,0.15,inf,0,0,0,0.0,nan,1,
6016,all_null,0.0,0.05,inf,0,0,0,0.0,nan,1,
6016,all_null,0.0,0.1,inf,0,0,0,0.0,nan,1,
6016,all_null,0.0,0.15,inf,0,0,0,0.0,nan,1,
6017,all_null,0.0,0.05,inf,0,0,0,0.0,nan,1,
6017,all_null,0.0,0.1,inf,0,0,0,0.0,nan,1,
6017,all_null,0.0,0.15,inf,0,0,0,0.0,nan,1,
6018,all_null,0.0,0.05,inf,0,0,0,0.0,nan,1,
6018,all_null,0.0,0.1,inf,0,0,0,0.0,nan,1,
6018,all_null,0.0,0.15,inf,0,0,0,0.0,nan,1,
6019,all_null,0.0,0.05,inf,0,0,0,0.0,nan,1,
6019,all_null,0.0,0.1,inf,0,0,0,0.0,nan,1,
6019,all_null,0.0,0.15,inf,0,0,0,0.0,nan,1,
