model,signal,q,datasets,FDP_mean,FDP_ci_low,FDP_ci_high,FDP_sd,selection_size_mean,selection_size_ci_low,selection_size_ci_high,selection_size_sd,empty_rate,conditional_FDP_nonempty,nonempty_count,nonempty_upper95,config_key,restarts,tuning_amplitude,power_mean,power_ci_low,power_ci_high,power_sd
all_null,0.0,0.05,20,0.0,0.0,0.0,0.0,0.0,0.0,0.0,0.0,1.0,nan,0,0.13910834066826516,T01_R1_lr2e-2_e150,1,0.2,,,,
all_null,0.0,0.1,20,0.0,0.0,0.0,0.0,0.0,0.0,0.0,0.0,1.0,nan,0,0.13910834066826516,T01_R1_lr2e-2_e150,1,0.2,,,,
all_null,0.0,0.15,20,0.0,0.0,0.0,0.0,0.0,0.0,0.0,0.0,1.0,nan,0,0.13910834066826516,T01_R1_lr2e-2_e150,1,0.2,,,,
signal,0.2,0.05,20,0.0,0.0,0.0,0.0,0.0,0.0,0.0,0.0,1.0,nan,0,,T01_R1_lr2e-2_e150,1,0.2,0.0,0.0,0.0,0.0
signal,0.2,0.1,20,0.00909090909090909,0.0,0.022727272727272724,0.02798122778414056,1.1,0.0,2.75,3.3857285618810087,0.9,0.0909090909090909,2,,T01_R1_lr2e-2_e150,1,0.2,0.03333333333333333,0.0,0.08333333333333333,0.10259783520851541
signal,0.2,0.15,20,0.028039321789321787,0.00909090909090909,0.05137197871572861,0.05087843952908674,3.4,1.4,5.65,4.946024453511814,0.65,0.08011234796949081,7,,T01_R1_lr2e-2_e150,1,0.2,0.10333333333333332,0.041666666666666664,0.16999999999999998,0.14863905022389637
all_null,0.0,0.05,20,0.0,0.0,0.0,0.0,0.0,0.0,0.0,0.0,1.0,nan,0,0.13910834066826516,T01_R1_lr2e-2_e150,1,0.3,,,,
all_null,0.0,0.1,20,0.0,0.0,0.0,0.0,0.0,0.0,0.0,0.0,1.0,nan,0,0.13910834066826516,T01_R1_lr2e-2_e150,1,0.3,,,,
all_null,0.0,0.15,20,0.0,0.0,0.0,0.0,0.0,0.0,0.0,0.0,1.0,nan,0,0.13910834066826516,T01_R1_lr2e-2_e150,1,0.3,,,,
signal,0.3,0.05,20,0.018636363636363628,0.0025,0.03909090909090908,0.04306897873295357,4.2,1.0,8.3,8.630423542695679,0.8,0.09318181818181814,4,,T01_R1_lr2e-2_e150,1,0.3,0.12666666666666665,0.03166666666666666,0.2533333333333333,0.2599145158615724
signal,0.3,0.1,20,0.060929181113004625,0.035220787178507754,0.088456840034965,0.062176439780485086,13.2,9.25,17.05,9.082081838781006,0.25,0.08123890815067285,15,,T01_R1_lr2e-2_e150,1,0.3,0.4,0.2833333333333333,0.5133333333333334,0.2684153192828811
signal,0.3,0.15,20,0.11749945492939803,0.08111365491973901,0.1555418789642293,0.08715172802659363,19.3,14.7,23.6,10.428200631990766,0.15,0.13823465285811534,17,,T01_R1_lr2e-2_e150,1,0.3,0.5433333333333332,0.4216666666666667,0.65,0.2699577614784508
all_null,0.0,0.05,20,0.0,0.0,0.0,0.0,0.0,0.0,0.0,0.0,1.0,nan,0,0.13910834066826516,T02_R5_lr2e-2_e150,5,0.2,,,,
all_null,0.0,0.1,20,0.0,0.0,0.0,0.0,0.0,0.0,0.0,0.0,1.0,nan,0,0.13910834066826516,T02_R5_lr2e-2_e150,5,0.2,,,,
all_null,0.0,0.15,20,0.0,0.0,0.0,0.0,0.0,0.0,0.0,0.0,1.0,nan,0,0.13910834066826516,T02_R5_lr2e-2_e150,5,0.2,,,,
signal,0.2,0.05,20,0.0,0.0,0.0,0.0,0.0,0.0,0.0,0.0,1.0,nan,0,,T02_R5_lr2e-2_e150,5,0.2,0.0,0.0,0.0,0.0
signal,0.2,0.1,20,0.04801449275362317,0.019380952380952374,0.08096806418219449,0.07323255811748268,8.9,5.05,13.05,9.307043173402548,0.45,0.08729907773386031,11,,T02_R5_lr2e-2_e150,5,0.2,0.26999999999999996,0.15333333333333332,0.39666666666666667,0.2830287320359803
signal,0.2,0.15,20,0.08308409987349927,0.03981409097038781,0.13010854516719214,0.10553405600490075,15.25,10.55,20.0,11.073320236163658,0.2,0.1038551248418741,16,,T02_R5_lr2e-2_e150,5,0.2,0.43500000000000005,0.31166666666666665,0.5566666666666666,0.28684103224221214
all_null,0.0,0.05,20,0.0,0.0,0.0,0.0,0.0,0.0,0.0,0.0,1.0,nan,0,0.13910834066826516,T02_R5_lr2e-2_e150,5,0.3,,,,
all_null,0.0,0.1,20,0.0,0.0,0.0,0.0,0.0,0.0,0.0,0.0,1.0,nan,0,0.13910834066826516,T02_R5_lr2e-2_e150,5,0.3,,,,
all_null,0.0,0.15,20,0.0,0.0,0.0,0.0,0.0,0.0,0.0,0.0,1.0,nan,0,0.13910834066826516,T02_R5_lr2e-2_e150,5,0.3,,,,
signal,0.3,0.05,20,0.053491016885413425,0.027027963595312718,0.08289346267956176,0.06545818560110349,24.8,21.35,27.55,7.24459871396034,0.05,0.056306333563593075,19,,T02_R5_lr2e-2_e150,5,0.3,0.7733333333333334,0.6733333333333333,0.8450000000000003,0.20678547801557212
signal,0.3,0.1,20,0.0866563434942884,0.06379180394017363,0.11104888918784216,0.05555979679495827,29.0,27.5,30.45,3.448874721138079,0.0,0.0866563434942884,20,,T02_R5_lr2e-2_e150,5,0.3,0.8783333333333333,0.845,0.9116666666666667,0.07744079043625403
signal,0.3,0.15,20,0.13800476963043956,0.10549168745325418,0.1715607954672265,0.0772748437359003,32.7,31.2,34.2,3.5258444303979752,0.0,0.13800476963043956,20,,T02_R5_lr2e-2_e150,5,0.3,0.9316666666666666,0.9133333333333331,0.9483333333333336,0.042543407485388825
all_null,0.0,0.05,20,0.0,0.0,0.0,0.0,0.0,0.0,0.0,0.0,1.0,nan,0,0.13910834066826516,T03_R10_lr2e-2_e150,10,0.2,,,,
all_null,0.0,0.1,20,0.0,0.0,0.0,0.0,0.0,0.0,0.0,0.0,1.0,nan,0,0.13910834066826516,T03_R10_lr2e-2_e150,10,0.2,,,,
all_null,0.0,0.15,20,0.0,0.0,0.0,0.0,0.0,0.0,0.0,0.0,1.0,nan,0,0.13910834066826516,T03_R10_lr2e-2_e150,10,0.2,,,,
signal,0.2,0.05,20,0.029976708074534154,0.0020833333333333303,0.06326345755693578,0.06874981680961828,4.4,1.05,8.7,9.05770971400375,0.8,0.14988354037267076,4,,T03_R10_lr2e-2_e150,10,0.2,0.125,0.028333333333333332,0.24333333333333332,0.2593006789525688
signal,0.2,0.1,20,0.057620640229335864,0.02765912167542601,0.09032422559324729,0.07381248411562394,16.1,12.7,19.35,7.738488904580518,0.1,0.06402293358815096,18,,T03_R10_lr2e-2_e150,10,0.2,0.4966666666666666,0.3949999999999999,0.5933333333333332,0.23091478390718206
signal,0.2,0.15,20,0.10144664680646687,0.06699913537549405,0.13821568882766402,0.08454168398882832,20.7,17.4,24.25,7.980898247823064,0.0,0.10144664680646687,20,,T03_R10_lr2e-2_e150,10,0.2,0.6066666666666666,0.5233333333333333,0.69,0.1939433811392369
all_null,0.0,0.05,20,0.0,0.0,0.0,0.0,0.0,0.0,0.0,0.0,1.0,nan,0,0.13910834066826516,T03_R10_lr2e-2_e150,10,0.3,,,,
all_null,0.0,0.1,20,0.0,0.0,0.0,0.0,0.0,0.0,0.0,0.0,1.0,nan,0,0.13910834066826516,T03_R10_lr2e-2_e150,10,0.3,,,,
all_null,0.0,0.15,20,0.0,0.0,0.0,0.0,0.0,0.0,0.0,0.0,1.0,nan,0,0.13910834066826516,T03_R10_lr2e-2_e150,10,0.3,,,,
signal,0.3,0.05,20,0.031026157937922627,0.011120448179271705,0.056022502687943836,0.05358431917513507,28.3,27.0,29.6,3.0625067132042423,0.0,0.031026157937922627,20,,T03_R10_lr2e-2_e150,10,0.3,0.9100000000000001,0.8800000000000001,0.9366666666666668,0.06675432833065728
signal,0.3,0.1,20,0.08480639845499902,0.05693859994957005,0.1146465564893132,0.0685484374634532,31.6,30.3,32.85,2.9806392814823783,0.0,0.08480639845499902,20,,T03_R10_lr2e-2_e150,10,0.3,0.9583333333333334,0.9366666666666668,0.9766666666666669,0.04698512891523537
signal,0.3,0.15,20,0.13477759001649073,0.10074140484544761,0.16753523002912443,0.07820930545647262,33.9,32.45,35.351249999999894,3.4012381646441017,0.0,0.13477759001649073,20,,T03_R10_lr2e-2_e150,10,0.3,0.9700000000000003,0.9533333333333331,0.9850000000000001,0.03730700826248435
all_null,0.0,0.05,20,0.0,0.0,0.0,0.0,0.0,0.0,0.0,0.0,1.0,nan,0,0.13910834066826516,T04_R20_lr2e-2_e150,20,0.2,,,,
all_null,0.0,0.1,20,0.0,0.0,0.0,0.0,0.0,0.0,0.0,0.0,1.0,nan,0,0.13910834066826516,T04_R20_lr2e-2_e150,20,0.2,,,,
all_null,0.0,0.15,20,0.0,0.0,0.0,0.0,0.0,0.0,0.0,0.0,1.0,nan,0,0.13910834066826516,T04_R20_lr2e-2_e150,20,0.2,,,,
signal,0.2,0.05,20,0.020508658008657997,0.0,0.045454545454545435,0.051010994620099524,7.7,3.2,12.5,10.901955401621645,0.65,0.058596165739022855,7,,T04_R20_lr2e-2_e150,20,0.2,0.24,0.1,0.3883333333333333,0.3376215397357924
signal,0.2,0.1,20,0.06184531360693278,0.037486737400530504,0.08631285730760989,0.057351720617472124,21.1,17.7,24.05,7.362064927722384,0.05,0.06510033011256082,19,,T04_R20_lr2e-2_e150,20,0.2,0.6516666666666666,0.5516666666666666,0.7366666666666666,0.2142510414722174
signal,0.2,0.15,20,0.09797320761249687,0.06554891448506515,0.13236993129029107,0.07827296797850491,24.4,20.85,27.65,7.916671283470491,0.05,0.10312969222368092,19,,T04_R20_lr2e-2_e150,20,0.2,0.72,0.6233333333333333,0.7950000000000002,0.20445334331001605
all_null,0.0,0.05,20,0.0,0.0,0.0,0.0,0.0,0.0,0.0,0.0,1.0,nan,0,0.13910834066826516,T04_R20_lr2e-2_e150,20,0.3,,,,
all_null,0.0,0.1,20,0.0,0.0,0.0,0.0,0.0,0.0,0.0,0.0,1.0,nan,0,0.13910834066826516,T04_R20_lr2e-2_e150,20,0.3,,,,
all_null,0.0,0.15,20,0.0,0.0,0.0,0.0,0.0,0.0,0.0,0.0,1.0,nan,0,0.13910834066826516,T04_R20_lr2e-2_e150,20,0.3,,,,
signal,0.3,0.05,20,0.03443168282863531,0.015997049603540467,0.055249980151412685,0.04575270847955086,29.35,28.15,30.5,2.7582412397834433,0.0,0.03443168282863531,20,,T04_R20_lr2e-2_e150,20,0.3,0.9416666666666668,0.9116666666666667,0.9650000000000002,0.06294432702073771
signal,0.3,0.1,20,0.08276619240753653,0.05791973064885775,0.11337277306279872,0.06606947806340194,32.3,31.2,33.7,2.975337221046947,0.0,0.08276619240753653,20,,T04_R20_lr2e-2_e150,20,0.3,0.9816666666666668,0.97,0.9916666666666668,0.025305155150541617
signal,0.3,0.15,20,0.13138544071266195,0.09853621870302372,0.16591940504133482,0.07956778712024062,34.6,33.25,36.101249999999894,3.424370860387888,0.0,0.13138544071266195,20,,T04_R20_lr2e-2_e150,20,0.3,0.9933333333333334,0.9866666666666667,0.9983333333333334,0.013679711361135341
all_null,0.0,0.05,20,0.0,0.0,0.0,0.0,0.0,0.0,0.0,0.0,1.0,nan,0,0.13910834066826516,T05_R10_lr5e-3_e150,10,0.2,,,,
all_null,0.0,0.1,20,0.0,0.0,0.0,0.0,0.0,0.0,0.0,0.0,1.0,nan,0,0.13910834066826516,T05_R10_lr5e-3_e150,10,0.2,,,,
all_null,0.0,0.15,20,0.0,0.0,0.0,0.0,0.0,0.0,0.0,0.0,1.0,nan,0,0.13910834066826516,T05_R10_lr5e-3_e150,10,0.2,,,,
signal,0.2,0.05,20,0.030270322270322263,0.008249158249158246,0.057254449254449225,0.05821440889166675,6.1,2.1,11.05,10.915464645220222,0.75,0.12108128908128905,5,,T05_R10_lr5e-3_e150,10,0.2,0.17833333333333334,0.06333333333333332,0.325,0.31885669295668684
signal,0.2,0.1,20,0.07798054698712589,0.04652672928314375,0.1108092409844054,0.07612841314912067,18.9,15.65,22.0,7.376349118350451,0.05,0.08208478630223778,19,,T05_R10_lr5e-3_e150,10,0.2,0.57,0.47833333333333333,0.6533333333333334,0.20545200489600843
signal,0.2,0.15,20,0.1179981038309043,0.07849505913476498,0.16019013619940725,0.09724029750820731,24.05,21.3,26.95,6.589265592813176,0.0,0.1179981038309043,20,,T05_R10_lr5e-3_e150,10,0.2,0.6916666666666667,0.6316666666666666,0.7516666666666666,0.14012317054640394
all_null,0.0,0.05,20,0.0,0.0,0.0,0.0,0.0,0.0,0.0,0.0,1.0,nan,0,0.13910834066826516,T05_R10_lr5e-3_e150,10,0.3,,,,
all_null,0.0,0.1,20,0.0,0.0,0.0,0.0,0.0,0.0,0.0,0.0,1.0,nan,0,0.13910834066826516,T05_R10_lr5e-3_e150,10,0.3,,,,
all_null,0.0,0.15,20,0.0,0.0,0.0,0.0,0.0,0.0,0.0,0.0,1.0,nan,0,0.13910834066826516,T05_R10_lr5e-3_e150,10,0.3,,,,
signal,0.3,0.05,20,0.01831674744425021,0.008575136394936164,0.028548382958578263,0.022964867633415407,28.3,27.1,29.35,2.637782162507379,0.0,0.01831674744425021,20,,T05_R10_lr5e-3_e150,10,0.3,0.925,0.8883333333333333,0.9533333333333335,0.07713813841194782
signal,0.3,0.1,20,0.07195402395236358,0.04693660544007435,0.0971955561305656,0.05980669834875482,31.35,30.15,32.5,2.814903943392441,0.0,0.07195402395236358,20,,T05_R10_lr5e-3_e150,10,0.3,0.9649999999999999,0.9466666666666665,0.9816666666666668,0.04254340748538882
signal,0.3,0.15,20,0.11908999168131043,0.08720482598586841,0.1511955683172772,0.07473916103563599,33.45,32.1,34.85,3.219594613252453,0.0,0.11908999168131043,20,,T05_R10_lr5e-3_e150,10,0.3,0.975,0.9616666666666667,0.9866666666666667,0.030348848933344205
all_null,0.0,0.05,20,0.0,0.0,0.0,0.0,0.0,0.0,0.0,0.0,1.0,nan,0,0.13910834066826516,T06_R10_lr5e-3_e300,10,0.2,,,,
all_null,0.0,0.1,20,0.0,0.0,0.0,0.0,0.0,0.0,0.0,0.0,1.0,nan,0,0.13910834066826516,T06_R10_lr5e-3_e300,10,0.2,,,,
all_null,0.0,0.15,20,0.0,0.0,0.0,0.0,0.0,0.0,0.0,0.0,1.0,nan,0,0.13910834066826516,T06_R10_lr5e-3_e300,10,0.2,,,,
signal,0.2,0.05,20,0.036428336156597005,0.015340909090909082,0.06143662949369469,0.054862752028401046,8.85,4.35,13.5,11.14155332645838,0.6,0.09107084039149252,8,,T06_R10_lr5e-3_e300,10,0.2,0.2683333333333333,0.13,0.4133333333333334,0.33898282659324525
signal,0.2,0.1,20,0.07573153105986688,0.04752438463308028,0.10469525475357555,0.06733386139292047,19.55,15.9,22.75,8.075140539757937,0.1,0.0841461456220743,18,,T06_R10_lr5e-3_e300,10,0.2,0.5899999999999999,0.4849999999999999,0.6783333333333333,0.2299504141819626
signal,0.2,0.15,20,0.11825750422948697,0.08316962782587779,0.1532816163222951,0.08207476205109379,25.15,22.8,27.4,5.353552681704877,0.0,0.11825750422948697,20,,T06_R10_lr5e-3_e300,10,0.2,0.7283333333333333,0.6766666666666665,0.7766666666666668,0.11761519176251567
all_null,0.0,0.05,20,0.0,0.0,0.0,0.0,0.0,0.0,0.0,0.0,1.0,nan,0,0.13910834066826516,T06_R10_lr5e-3_e300,10,0.3,,,,
all_null,0.0,0.1,20,0.0,0.0,0.0,0.0,0.0,0.0,0.0,0.0,1.0,nan,0,0.13910834066826516,T06_R10_lr5e-3_e300,10,0.3,,,,
all_null,0.0,0.15,20,0.0,0.0,0.0,0.0,0.0,0.0,0.0,0.0,1.0,nan,0,0.13910834066826516,T06_R10_lr5e-3_e300,10,0.3,,,,
signal,0.3,0.05,20,0.026011688255823878,0.012196705922512366,0.04317042107598196,0.036173440294462976,27.1,23.65,29.4,6.950198785494897,0.05,0.02738072447981461,19,,T06_R10_lr5e-3_e300,10,0.3,0.8766666666666667,0.77,0.9450000000000003,0.21900893196557478
signal,0.3,0.1,20,0.07387775939917204,0.05055307130878943,0.09880518788312165,0.05675770605957223,31.2,29.9,32.45,3.036618618064993,0.0,0.07387775939917204,20,,T06_R10_lr5e-3_e300,10,0.3,0.9583333333333333,0.9333333333333332,0.9766666666666669,0.052843142041505385
signal,0.3,0.15,20,0.11186834005999688,0.08337307852869462,0.1419911488226566,0.06893801198326947,33.2,31.95,34.5,2.966479394838265,0.0,0.11186834005999688,20,,T06_R10_lr5e-3_e300,10,0.3,0.9766666666666668,0.9650000000000001,0.9883333333333333,0.02671049030620108
all_null,0.0,0.05,20,0.0,0.0,0.0,0.0,0.0,0.0,0.0,0.0,1.0,nan,0,0.13910834066826516,T07_R10_lr2e-2_e150_nosharpen,10,0.2,,,,
all_null,0.0,0.1,20,0.0,0.0,0.0,0.0,0.0,0.0,0.0,0.0,1.0,nan,0,0.13910834066826516,T07_R10_lr2e-2_e150_nosharpen,10,0.2,,,,
all_null,0.0,0.15,20,0.0,0.0,0.0,0.0,0.0,0.0,0.0,0.0,1.0,nan,0,0.13910834066826516,T07_R10_lr2e-2_e150_nosharpen,10,0.2,,,,
signal,0.2,0.05,20,0.033630952380952366,0.00916666666666666,0.0651190476190476,0.06656126984601138,6.35,2.1,10.75,9.980375480754324,0.7,0.11210317460317455,6,,T07_R10_lr2e-2_e150_nosharpen,10,0.2,0.18833333333333335,0.06499999999999999,0.32166666666666666,0.2983923787497034
signal,0.2,0.1,20,0.06503537383332778,0.033241726038241375,0.09971136834180298,0.07777705945793319,16.65,13.1,20.1,8.190334483241111,0.1,0.07226152648147531,18,,T07_R10_lr2e-2_e150_nosharpen,10,0.2,0.505,0.4033333333333333,0.5983333333333334,0.22897559817894025
signal,0.2,0.15,20,0.09700352464834171,0.05856256351626016,0.13817912795199377,0.0934224075442872,20.95,17.25,24.85,8.89396602078889,0.0,0.09700352464834171,20,,T07_R10_lr2e-2_e150_nosharpen,10,0.2,0.6116666666666666,0.52,0.7016666666666665,0.21172502303723328
all_null,0.0,0.05,20,0.0,0.0,0.0,0.0,0.0,0.0,0.0,0.0,1.0,nan,0,0.13910834066826516,T07_R10_lr2e-2_e150_nosharpen,10,0.3,,,,
all_null,0.0,0.1,20,0.0,0.0,0.0,0.0,0.0,0.0,0.0,0.0,1.0,nan,0,0.13910834066826516,T07_R10_lr2e-2_e150_nosharpen,10,0.3,,,,
all_null,0.0,0.15,20,0.0,0.0,0.0,0.0,0.0,0.0,0.0,0.0,1.0,nan,0,0.13910834066826516,T07_R10_lr2e-2_e150_nosharpen,10,0.3,,,,
signal,0.3,0.05,20,0.031083629202290443,0.011177919443639519,0.05613655956112849,0.05358754025391909,28.2,26.95,29.5,3.019236571334583,0.0,0.031083629202290443,20,,T07_R10_lr2e-2_e150_nosharpen,10,0.3,0.9066666666666668,0.8783333333333335,0.9333333333333332,0.0636143350647556
signal,0.3,0.1,20,0.0886412400708429,0.056649003802147796,0.12271510145006272,0.07802462345745831,31.85,30.45,33.3,3.42244910769128,0.0,0.0886412400708429,20,,T07_R10_lr2e-2_e150_nosharpen,10,0.3,0.96,0.9383333333333332,0.9783333333333335,0.04664159727637154
signal,0.3,0.15,20,0.14421367963703777,0.10970475346498158,0.17754563819293687,0.07958632195298099,34.4,32.95,35.85,3.37794705639231,0.0,0.14421367963703777,20,,T07_R10_lr2e-2_e150_nosharpen,10,0.3,0.9733333333333334,0.9583333333333336,0.9866666666666667,0.03171510607291695
all_null,0.0,0.05,20,0.0,0.0,0.0,0.0,0.0,0.0,0.0,0.0,1.0,nan,0,0.13910834066826516,T08_R10_lr2e-2_e150_noctx,10,0.2,,,,
all_null,0.0,0.1,20,0.0,0.0,0.0,0.0,0.0,0.0,0.0,0.0,1.0,nan,0,0.13910834066826516,T08_R10_lr2e-2_e150_noctx,10,0.2,,,,
all_null,0.0,0.15,20,0.0,0.0,0.0,0.0,0.0,0.0,0.0,0.0,1.0,nan,0,0.13910834066826516,T08_R10_lr2e-2_e150_noctx,10,0.2,,,,
signal,0.2,0.05,20,0.019095238095238092,0.0,0.04176190476190475,0.048098314996244715,3.5,0.0,7.25,8.574748730398674,0.85,0.12730158730158728,3,,T08_R10_lr2e-2_e150_noctx,10,0.2,0.10166666666666666,0.0,0.21000000000000002,0.24885116150983766
signal,0.2,0.1,20,0.0467626131848088,0.014583333333333332,0.0871497522555533,0.08663335526737032,12.6,7.95,17.65,11.343442343950372,0.3,0.06680373312115542,14,,T08_R10_lr2e-2_e150_noctx,10,0.2,0.3733333333333334,0.24666666666666667,0.5016666666666667,0.29451119181664925
signal,0.2,0.15,20,0.09092723491385497,0.051137546182266,0.13626097229748274,0.10009431454436385,17.55,12.6,22.8,11.962551215311363,0.15,0.10697321754571174,17,,T08_R10_lr2e-2_e150_noctx,10,0.2,0.4966666666666667,0.37333333333333335,0.6183333333333334,0.288350825957564
all_null,0.0,0.05,20,0.0,0.0,0.0,0.0,0.0,0.0,0.0,0.0,1.0,nan,0,0.13910834066826516,T08_R10_lr2e-2_e150_noctx,10,0.3,,,,
all_null,0.0,0.1,20,0.0,0.0,0.0,0.0,0.0,0.0,0.0,0.0,1.0,nan,0,0.13910834066826516,T08_R10_lr2e-2_e150_noctx,10,0.3,,,,
all_null,0.0,0.15,20,0.0,0.0,0.0,0.0,0.0,0.0,0.0,0.0,1.0,nan,0,0.13910834066826516,T08_R10_lr2e-2_e150_noctx,10,0.3,,,,
signal,0.3,0.05,20,0.024073349712949256,0.007294429708222805,0.04452328747448321,0.04400310963706403,27.25,25.95,28.65,3.1434978841043333,0.0,0.024073349712949256,20,,T08_R10_lr2e-2_e150_noctx,10,0.3,0.8833333333333332,0.85,0.9149999999999998,0.07608859102526822
signal,0.3,0.1,20,0.062407455123667535,0.0424703377157927,0.08403035231534772,0.04903791256480197,30.25,29.1,31.45,2.76966651992238,0.0,0.062407455123667535,20,,T08_R10_lr2e-2_e150_noctx,10,0.3,0.9416666666666668,0.9199999999999999,0.9616666666666666,0.04821370555670632
signal,0.3,0.15,20,0.11581523818159292,0.08292129253113677,0.15160722677274557,0.07959398983326645,33.1,31.65,34.85,3.726152241430265,0.0,0.11581523818159292,20,,T08_R10_lr2e-2_e150_noctx,10,0.3,0.9666666666666668,0.9533333333333335,0.9783333333333335,0.028613169175965073
