dataset,seed,method,ARI,NMI,CoverageEff
fashion_mnist,31000,SSRK,0.3521427818271419,0.5020423578992764,0.29765625
fashion_mnist,31000,Variance,0.35321484374326334,0.5050526627560293,0.2984375
fashion_mnist,31000,STG,0.29095369243392905,0.44392288619729287,0.4125
fashion_mnist,31000,CAE,0.33116250575827805,0.49760742589299306,0.1921875
fashion_mnist,31000,GAEFS,0.30645184931447184,0.4765011534249322,0.04453125
fashion_mnist,31000,SSFS,0.3321686125106361,0.49959253884820376,0.22734375
fashion_mnist,31997,SSRK,0.3525829914041929,0.5031100233921987,0.29765625
fashion_mnist,31997,Variance,0.353102649741769,0.5049160477220369,0.2984375
fashion_mnist,31997,STG,0.2820097731198634,0.42134524933379364,0.38984375
fashion_mnist,31997,CAE,0.3009430169807837,0.47480447271848947,0.1921875
fashion_mnist,31997,GAEFS,0.25961615002203575,0.4341846898258364,0.115625
fashion_mnist,31997,SSFS,0.33628929306631083,0.5055679508075249,0.2234375
fashion_mnist,32994,SSRK,0.35371495159192545,0.503533761989645,0.3
fashion_mnist,32994,Variance,0.3531531113543353,0.505046525775672,0.2984375
fashion_mnist,32994,STG,0.27505559788767925,0.4257705871835689,0.3796875
fashion_mnist,32994,CAE,0.3422402203693416,0.5109811655291729,0.18671875
fashion_mnist,32994,GAEFS,0.30164203686710594,0.4663320785269262,0.09375
fashion_mnist,32994,SSFS,0.3322479866834843,0.4998375934517869,0.22734375
fashion_mnist,33991,SSRK,0.3519059578603812,0.5017528464608806,0.29765625
fashion_mnist,33991,Variance,0.35327924321789467,0.5051603309529542,0.2984375
fashion_mnist,33991,STG,0.2663663998891779,0.42331130037466724,0.38828125
fashion_mnist,33991,CAE,0.3250344299156567,0.4938740462989477,0.20234375
fashion_mnist,33991,GAEFS,0.3086370649883328,0.47326283132497743,0.07734375
fashion_mnist,33991,SSFS,0.34090920103123756,0.4994058560417204,0.27109375
fashion_mnist,34988,SSRK,0.3515687748794987,0.5021590881735664,0.29921875
fashion_mnist,34988,Variance,0.35334801178924635,0.5050205370919112,0.2984375
fashion_mnist,34988,STG,0.2677214228929948,0.40773556928640786,0.43828125
fashion_mnist,34988,CAE,0.31706603668383115,0.472363779862116,0.18125
fashion_mnist,34988,GAEFS,0.3007635640357111,0.4761145789863265,0.075
fashion_mnist,34988,SSFS,0.35089863393706705,0.5102920143138495,0.22421875
fashion_mnist,35985,SSRK,0.35441056458159503,0.5042782579732854,0.29921875
fashion_mnist,35985,Variance,0.35235533116484147,0.5051450107409332,0.2984375
fashion_mnist,35985,STG,0.2603413103873893,0.4144500196390458,0.4203125
fashion_mnist,35985,CAE,0.3242588165735052,0.4917296810602314,0.20546875
fashion_mnist,35985,GAEFS,0.29498779995928637,0.46309522793013436,0.0390625
fashion_mnist,35985,SSFS,0.33854832455140504,0.5090731870638111,0.2375
fashion_mnist,36982,SSRK,0.352579773313336,0.5021029049639856,0.29765625
fashion_mnist,36982,Variance,0.35320737859682616,0.5048895419801098,0.2984375
fashion_mnist,36982,STG,0.2866104626209025,0.4076727419251055,0.459375
fashion_mnist,36982,CAE,0.3341095096043588,0.5014452339938066,0.20078125
fashion_mnist,36982,GAEFS,0.17043539738120722,0.4180483642812111,0.04140625
fashion_mnist,36982,SSFS,0.3322079944313425,0.4904261628792373,0.27109375
fashion_mnist,37979,SSRK,0.3546347184760126,0.5041835175190778,0.2984375
fashion_mnist,37979,Variance,0.3525683648049611,0.5046268964832451,0.2984375
fashion_mnist,37979,STG,0.28095324436782837,0.4107968289601075,0.3859375
fashion_mnist,37979,CAE,0.3331995822766126,0.5032854371429201,0.18984375
fashion_mnist,37979,GAEFS,0.2544022313895448,0.42163640810999625,0.02734375
fashion_mnist,37979,SSFS,0.33868759144879357,0.4995935983276823,0.26953125
fashion_mnist,38976,SSRK,0.3515168653142806,0.5017792383506097,0.29609375
fashion_mnist,38976,Variance,0.3531331310673458,0.5050269809054776,0.2984375
fashion_mnist,38976,STG,0.25580886251535645,0.405151768126778,0.40078125
fashion_mnist,38976,CAE,0.32080611484854643,0.486210584932238,0.184375
fashion_mnist,38976,GAEFS,0.26987922752411164,0.4100370227046873,0.1140625
fashion_mnist,38976,SSFS,0.3332974617564639,0.500139024495481,0.22734375
fashion_mnist,39973,SSRK,0.3543676670398076,0.5026818087855965,0.2953125
fashion_mnist,39973,Variance,0.3531118156187106,0.504806901233094,0.2984375
fashion_mnist,39973,STG,0.33000963501947206,0.46595373018549413,0.36328125
fashion_mnist,39973,CAE,0.3000392629479484,0.4582592256453983,0.1828125
fashion_mnist,39973,GAEFS,0.2983664359264081,0.4573619664277483,0.0890625
fashion_mnist,39973,SSFS,0.3333202240050629,0.500098551063042,0.22734375
fashion_mnist,40970,SSRK,0.35105421692744243,0.5022727007715936,0.2984375
fashion_mnist,40970,Variance,0.35263828202462255,0.5046779559611314,0.2984375
fashion_mnist,40970,STG,0.2798429046828335,0.4394076875888308,0.38671875
fashion_mnist,40970,CAE,0.32807201370021144,0.49211323350367325,0.20859375
fashion_mnist,40970,GAEFS,0.2756667103169048,0.45815204935483195,0.034375
fashion_mnist,40970,SSFS,0.3333303183971027,0.5000562169764753,0.22734375
fashion_mnist,41967,SSRK,0.3518778387587931,0.5011999871023556,0.2984375
fashion_mnist,41967,Variance,0.3530879315563598,0.5049203284940019,0.2984375
fashion_mnist,41967,STG,0.30709162609570007,0.4586863369443114,0.4109375
fashion_mnist,41967,CAE,0.3453042161384193,0.5092905174226654,0.17421875
fashion_mnist,41967,GAEFS,0.3095140515000024,0.456843656415114,0.10625
fashion_mnist,41967,SSFS,0.3399398839810228,0.49983192114622943,0.27109375
fashion_mnist,42964,SSRK,0.3546554363646149,0.5051199428233368,0.3
fashion_mnist,42964,Variance,0.3527186300552717,0.5048331011849949,0.2984375
fashion_mnist,42964,STG,0.3442822929641785,0.4864086439841095,0.36015625
fashion_mnist,42964,CAE,0.30884426289481065,0.4819546836566158,0.23515625
fashion_mnist,42964,GAEFS,0.27281075537875465,0.4455128070682051,0.08671875
fashion_mnist,42964,SSFS,0.3331357104673489,0.5002251528083519,0.22734375
fashion_mnist,43961,SSRK,0.3563061142084369,0.5064704597003562,0.3015625
fashion_mnist,43961,Variance,0.35315898840169563,0.5056604480713486,0.2984375
fashion_mnist,43961,STG,0.2997402479376658,0.4574589774903126,0.36171875
fashion_mnist,43961,CAE,0.3353303532310328,0.5002929911522433,0.19921875
fashion_mnist,43961,GAEFS,0.319955431572973,0.47492495001767493,0.075
fashion_mnist,43961,SSFS,0.3335920538600205,0.5004163983273229,0.22734375
fashion_mnist,44958,SSRK,0.3247368440251647,0.47245496922295527,0.29921875
fashion_mnist,44958,Variance,0.3450823151017062,0.5062877917292921,0.2984375
fashion_mnist,44958,STG,0.29942649373723795,0.4422016896985825,0.38125
fashion_mnist,44958,CAE,0.3397716709265778,0.5065728013981847,0.19453125
fashion_mnist,44958,GAEFS,0.23528872281688798,0.41317335186062165,0.0625
fashion_mnist,44958,SSFS,0.34526999867847336,0.5034117053905887,0.23125
fashion_mnist,45955,SSRK,0.3555960244360267,0.5064543107760742,0.3015625
fashion_mnist,45955,Variance,0.35301106966658463,0.5050240571697409,0.2984375
fashion_mnist,45955,STG,0.3118891727390531,0.43786852973425566,0.3625
fashion_mnist,45955,CAE,0.34060786043071595,0.506463526528176,0.21015625
fashion_mnist,45955,GAEFS,0.3053858078769319,0.46282640587121576,0.10703125
fashion_mnist,45955,SSFS,0.3412453533826695,0.49956249674934455,0.22578125
fashion_mnist,46952,SSRK,0.3539821030640292,0.5034771673746747,0.30078125
fashion_mnist,46952,Variance,0.3525711113305425,0.5045318291753005,0.2984375
fashion_mnist,46952,STG,0.32476809798250234,0.4828172496284233,0.39609375
fashion_mnist,46952,CAE,0.3533821838142983,0.5040843773918778,0.1875
fashion_mnist,46952,GAEFS,0.22724876825353807,0.40122087987758204,0.0296875
fashion_mnist,46952,SSFS,0.3351415190164356,0.5054432582118785,0.25234375
fashion_mnist,47949,SSRK,0.35300722208738045,0.5041638518558215,0.30078125
fashion_mnist,47949,Variance,0.35297677337124894,0.505188396101211,0.2984375
fashion_mnist,47949,STG,0.3339713472855227,0.480370170705757,0.3125
fashion_mnist,47949,CAE,0.33195126957090765,0.5014299118889685,0.1953125
fashion_mnist,47949,GAEFS,0.23782114271663216,0.43790573727855175,0.0703125
fashion_mnist,47949,SSFS,0.351860778818516,0.5040013396601549,0.23671875
fashion_mnist,48946,SSRK,0.35367324476632883,0.5037412188334773,0.29609375
fashion_mnist,48946,Variance,0.3526331259035448,0.5046940805352953,0.2984375
fashion_mnist,48946,STG,0.30835105747952096,0.4715027839816387,0.34453125
fashion_mnist,48946,CAE,0.3394141325627707,0.5060985783292846,0.1890625
fashion_mnist,48946,GAEFS,0.21921364930312331,0.40255294718448925,0.096875
fashion_mnist,48946,SSFS,0.33177538567945486,0.4994700472675211,0.22734375
fashion_mnist,49943,SSRK,0.3518910218840322,0.5003869882422468,0.2984375
fashion_mnist,49943,Variance,0.352719780841271,0.5048810694356387,0.2984375
fashion_mnist,49943,STG,0.28084513543986556,0.4097116712575395,0.41953125
fashion_mnist,49943,CAE,0.32535473649100666,0.49481381137855657,0.1828125
fashion_mnist,49943,GAEFS,0.2817404201591202,0.45571420927830136,0.07578125
fashion_mnist,49943,SSFS,0.3348189320847121,0.503951667928134,0.22578125
mnist,31000,SSRK,0.3667762861508703,0.493779376816552,0.590625
mnist,31000,Variance,0.36204839774459535,0.5001581499644293,0.590625
mnist,31000,STG,0.36470013544550717,0.5013597732392644,0.5046875
mnist,31000,CAE,0.28766544003948874,0.4235857269220689,0.477734375
mnist,31000,GAEFS,0.2390305954991271,0.3719766813599102,0.225
mnist,31000,SSFS,0.2930829295395831,0.412404322050209,0.300390625
mnist,31997,SSRK,0.3629038795910632,0.5011496461455816,0.591015625
mnist,31997,Variance,0.363348234360769,0.5013619501437648,0.590625
mnist,31997,STG,0.359075512299431,0.4934487016821346,0.493359375
mnist,31997,CAE,0.29095663129687677,0.42655674088347145,0.470703125
mnist,31997,GAEFS,0.20154838537438752,0.35352961219563955,0.206640625
mnist,31997,SSFS,0.2574106362350342,0.3862748066138386,0.300390625
mnist,32994,SSRK,0.36446124666598184,0.5022192834028838,0.59140625
mnist,32994,Variance,0.36356330220915334,0.5011906654018324,0.590625
mnist,32994,STG,0.3651431739057284,0.5011772501487478,0.52421875
mnist,32994,CAE,0.2767444610577599,0.4251041450137016,0.472265625
mnist,32994,GAEFS,0.24258050668785552,0.37481684036015833,0.227734375
mnist,32994,SSFS,0.2904000323358839,0.4113375207711164,0.300390625
mnist,33991,SSRK,0.36125811926590007,0.5016058467396389,0.589453125
mnist,33991,Variance,0.3634081987382831,0.5012665674824759,0.590625
mnist,33991,STG,0.3660532444591213,0.5023461225149817,0.522265625
mnist,33991,CAE,0.289808961393485,0.4279362473410644,0.4875
mnist,33991,GAEFS,0.2325698965082446,0.3628529780230031,0.203515625
mnist,33991,SSFS,0.29819091246950996,0.41481350352140384,0.300390625
mnist,34988,SSRK,0.37785796860284737,0.5111062098773912,0.590625
mnist,34988,Variance,0.36442115390431695,0.5017898248873107,0.590625
mnist,34988,STG,0.34606552587869266,0.48469592505418324,0.48515625
mnist,34988,CAE,0.2897977449764455,0.4267890741703874,0.48203125
mnist,34988,GAEFS,0.19886288305361371,0.3451536902513521,0.19921875
mnist,34988,SSFS,0.2592623443145944,0.3897626345233245,0.300390625
mnist,35985,SSRK,0.36230673021327375,0.5030685191336075,0.590625
mnist,35985,Variance,0.3641368699277716,0.5018516375472456,0.590625
mnist,35985,STG,0.3510349658223144,0.4903453673353677,0.48671875
mnist,35985,CAE,0.29050540700277067,0.42630247437554475,0.466015625
mnist,35985,GAEFS,0.2156100626280088,0.3672241965872858,0.216015625
mnist,35985,SSFS,0.2933745495656811,0.4115242378211353,0.300390625
mnist,36982,SSRK,0.36176439553052925,0.5007993633121609,0.591015625
mnist,36982,Variance,0.3644212233510117,0.5015666864100721,0.590625
mnist,36982,STG,0.36232503822460166,0.4968219273303731,0.492578125
mnist,36982,CAE,0.2899975641171089,0.42764937540833453,0.4703125
mnist,36982,GAEFS,0.25294447771603223,0.3836879900359071,0.22734375
mnist,36982,SSFS,0.2876624012493499,0.4087048891617915,0.300390625
mnist,37979,SSRK,0.3644744897000937,0.5021776983876372,0.59140625
mnist,37979,Variance,0.3632960316577883,0.501360211454553,0.590625
mnist,37979,STG,0.3507444666044931,0.4856868933475882,0.462109375
mnist,37979,CAE,0.28716162260978945,0.42644592421682287,0.48515625
mnist,37979,GAEFS,0.17102696696780084,0.317922854002534,0.184765625
mnist,37979,SSFS,0.2921989548445353,0.4122949126830657,0.300390625
mnist,38976,SSRK,0.3625084916504754,0.5016147944575952,0.590625
mnist,38976,Variance,0.3625289072034542,0.5002025011544224,0.590625
mnist,38976,STG,0.36530744049135544,0.5007920222865125,0.4921875
mnist,38976,CAE,0.28783717612813137,0.426312451336882,0.4625
mnist,38976,GAEFS,0.24571313578270557,0.37145274842608406,0.20625
mnist,38976,SSFS,0.286692937926814,0.40835747421856494,0.300390625
mnist,39973,SSRK,0.36349957606986005,0.5019825789777417,0.59140625
mnist,39973,Variance,0.36278480302829946,0.500524224394194,0.590625
mnist,39973,STG,0.36890373890065487,0.5004879486292138,0.4875
mnist,39973,CAE,0.2901162155830273,0.42915424840131344,0.475
mnist,39973,GAEFS,0.260731497154276,0.3926837903633528,0.2328125
mnist,39973,SSFS,0.2863414111125749,0.4065627329144608,0.300390625
mnist,40970,SSRK,0.3635101042773371,0.5024231097559044,0.591015625
mnist,40970,Variance,0.3626611572238109,0.5003664551535094,0.590625
mnist,40970,STG,0.3688852102238445,0.5020874560808369,0.501171875
mnist,40970,CAE,0.2909967623125541,0.4345270238400771,0.466015625
mnist,40970,GAEFS,0.20326209600285783,0.33961487660110873,0.177734375
mnist,40970,SSFS,0.24751391385503826,0.3810832799650874,0.300390625
mnist,41967,SSRK,0.3642807056500394,0.5020032570469188,0.59140625
mnist,41967,Variance,0.3737699069867193,0.5069175523791247,0.590625
mnist,41967,STG,0.3611629382844522,0.4933029103435036,0.453125
mnist,41967,CAE,0.28677414170125776,0.42480209519080164,0.469921875
mnist,41967,GAEFS,0.24276220917173078,0.3775821409434953,0.21328125
mnist,41967,SSFS,0.28664810608995384,0.40867971008353954,0.300390625
mnist,42964,SSRK,0.3643680548556627,0.5026988330837517,0.590234375
mnist,42964,Variance,0.36382992629331634,0.5017001853311208,0.590625
mnist,42964,STG,0.36165439900061114,0.49979823816834623,0.509375
mnist,42964,CAE,0.2842722698109741,0.4282747523991676,0.448046875
mnist,42964,GAEFS,0.26611294181127426,0.39514589987718546,0.24375
mnist,42964,SSFS,0.29799956109318565,0.4139463351585869,0.300390625
mnist,43961,SSRK,0.36348726376745544,0.5029781450785528,0.590625
mnist,43961,Variance,0.3631194796475175,0.5012420947975057,0.590625
mnist,43961,STG,0.3620810007787135,0.49298171849482325,0.4609375
mnist,43961,CAE,0.30465357428781764,0.4450865265237912,0.4875
mnist,43961,GAEFS,0.23417257539867806,0.352555759758562,0.19140625
mnist,43961,SSFS,0.2895654309819366,0.4111999627811553,0.300390625
mnist,44958,SSRK,0.3617637682130098,0.500263613139725,0.59140625
mnist,44958,Variance,0.3634536244429485,0.5015105650577357,0.590625
mnist,44958,STG,0.3602947347684544,0.49884201112998294,0.501953125
mnist,44958,CAE,0.2853450032423366,0.42290582284559625,0.46328125
mnist,44958,GAEFS,0.21813730560455252,0.3544135066217468,0.219921875
mnist,44958,SSFS,0.29731326074070036,0.41444836508270827,0.300390625
mnist,45955,SSRK,0.3636714339966631,0.502170884443967,0.59140625
mnist,45955,Variance,0.3638054914927797,0.5014290747870757,0.590625
mnist,45955,STG,0.36186724423897537,0.4950756178631187,0.49609375
mnist,45955,CAE,0.2857188089918116,0.4251240588368241,0.467578125
mnist,45955,GAEFS,0.19513044525742013,0.33325859087732784,0.187890625
mnist,45955,SSFS,0.28946321270134895,0.40960999844680274,0.300390625
mnist,46952,SSRK,0.37788963629020045,0.510711992925584,0.590625
mnist,46952,Variance,0.36233754568352405,0.49989404106330276,0.590625
mnist,46952,STG,0.36529435130853216,0.5057143607934373,0.47890625
mnist,46952,CAE,0.27491166361174757,0.4241450614987525,0.455078125
mnist,46952,GAEFS,0.19426586373628435,0.34666000378366213,0.18984375
mnist,46952,SSFS,0.28541944593536794,0.40710624283051733,0.300390625
mnist,47949,SSRK,0.36208846920919624,0.5005975757276161,0.59140625
mnist,47949,Variance,0.36390537598709166,0.5012119117538395,0.590625
mnist,47949,STG,0.3542301266717774,0.49090846802247723,0.48515625
mnist,47949,CAE,0.3135145461520942,0.4527894431520629,0.50625
mnist,47949,GAEFS,0.21144883469115347,0.35404745482382893,0.2171875
mnist,47949,SSFS,0.28589861871235617,0.40733776706419883,0.300390625
mnist,48946,SSRK,0.36325799389014607,0.5018493518682158,0.59140625
mnist,48946,Variance,0.3627498141350915,0.500932339351874,0.590625
mnist,48946,STG,0.3437949556304493,0.47953627699260853,0.468359375
mnist,48946,CAE,0.2878150311602345,0.42531474551057447,0.470703125
mnist,48946,GAEFS,0.21286063808113576,0.36354069153896845,0.21328125
mnist,48946,SSFS,0.2473849430074764,0.38111975281001903,0.300390625
mnist,49943,SSRK,0.36355414901503125,0.50233738658171,0.590625
mnist,49943,Variance,0.3643070201257347,0.5015693577875964,0.590625
mnist,49943,STG,0.36011437545413827,0.49431174037401865,0.480078125
mnist,49943,CAE,0.2799631123331076,0.4279200186870226,0.469921875
mnist,49943,GAEFS,0.21943378924231016,0.37598812434184264,0.225390625
mnist,49943,SSFS,0.2683934255787324,0.3961813911243034,0.29921875
