bootstrap_id,seed,method,ARI,NMI,MarkerHits,CoverageScore
0,20000,Variance,0.03529551891780234,0.1059072717590137,1,1.0
0,20000,STG,0.34401824414314247,0.6405645459318955,14,2.3333333333333335
0,20000,CAE,0.39346398104515834,0.565859669715573,10,2.0
0,20000,GAEFS,0.1933659013070502,0.3622421977360569,7,1.75
0,20000,SSFS,0.32288810006326085,0.5856873429972406,16,2.6666666666666665
1,20997,Variance,0.08428787384785777,0.17533903444093107,0,0.0
1,20997,STG,0.36015008603062976,0.5843046574566859,14,2.8
1,20997,CAE,0.23527369238289264,0.47437552421388796,8,1.6
1,20997,GAEFS,0.2530663607272194,0.5543450331142327,11,2.2
1,20997,SSFS,0.2855776147804878,0.5802284536570619,14,2.8
2,21994,Variance,0.028611523750255236,0.12480797628419843,1,1.0
2,21994,STG,0.2614947670455885,0.6174337810539832,16,2.6666666666666665
2,21994,CAE,0.2936645977847338,0.4691529834134288,7,1.4
2,21994,GAEFS,0.29287803141482005,0.507215907787686,9,2.25
2,21994,SSFS,0.3207435177835497,0.5689795160347193,14,2.8
3,22991,Variance,0.03489500371467621,0.14009548605010544,0,0.0
3,22991,STG,0.3494728504167347,0.6263166448168829,14,2.3333333333333335
3,22991,CAE,0.22814620989117346,0.45539572369338593,7,1.75
3,22991,GAEFS,0.35254323357822714,0.5365845948768656,10,2.0
3,22991,SSFS,0.3261100668335772,0.5789388638575496,16,2.6666666666666665
4,23988,Variance,0.06107822563304639,0.1192581103041312,0,0.0
4,23988,STG,0.3663036448019249,0.6040216432229415,13,2.6
4,23988,CAE,0.2541413372809473,0.505891555513592,3,1.5
4,23988,GAEFS,0.26713755028652414,0.4833508618050779,6,2.0
4,23988,SSFS,0.31902364320466536,0.5820396012778868,15,2.5
5,24985,Variance,0.09098378578711731,0.20204275271649538,2,1.0
5,24985,STG,0.3093508911354427,0.627351973581041,13,2.6
5,24985,CAE,0.30169838286263795,0.5490660451501427,10,2.0
5,24985,GAEFS,0.34197140892244704,0.4954138784782703,6,2.0
5,24985,SSFS,0.32973980857568896,0.5912001067100751,16,2.6666666666666665
6,25982,Variance,0.050155888746565715,0.17770700741235151,0,0.0
6,25982,STG,0.42996507987143917,0.6206781559698162,16,2.6666666666666665
6,25982,CAE,0.3184845604462547,0.4865772328955877,2,1.0
6,25982,GAEFS,0.19749419027677498,0.519307050375149,9,1.8
6,25982,SSFS,0.3390059860803455,0.5982837296132942,14,2.8
7,26979,Variance,0.01808847217084977,0.11349774483919033,0,0.0
7,26979,STG,0.43495109255927394,0.6176596984629764,16,2.6666666666666665
7,26979,CAE,0.3755931189770057,0.5190532866207704,7,1.75
7,26979,GAEFS,0.1919489018183382,0.5344081181357963,8,2.0
7,26979,SSFS,0.3106943911524574,0.5733949868311665,14,2.8
8,27976,Variance,0.02027908887592725,0.11629527195059759,0,0.0
8,27976,STG,0.4215647231867046,0.5893635004811284,12,2.4
8,27976,CAE,0.33971138485727015,0.4672905882300958,9,2.25
8,27976,GAEFS,0.2509552379057709,0.51980097237045,8,2.0
8,27976,SSFS,0.30866661123893424,0.577133744120242,15,2.5
9,28973,Variance,0.07396066439450644,0.173935452174132,0,0.0
9,28973,STG,0.365420121833589,0.6092736991634298,14,2.8
9,28973,CAE,0.32901426356873,0.5607409729211373,5,1.25
9,28973,GAEFS,0.2317236906073489,0.5103523552543578,7,1.75
9,28973,SSFS,0.3185735885386427,0.5814542439132516,14,2.8
10,29970,Variance,0.06747737329281955,0.17654027104609668,0,0.0
10,29970,STG,0.41591687103701847,0.5867480702577232,13,2.6
10,29970,CAE,0.2706085844709432,0.48418987260907387,5,1.6666666666666667
10,29970,GAEFS,0.32681546308934967,0.5119201974464804,5,1.6666666666666667
10,29970,SSFS,0.309234244106499,0.578665162236867,14,2.8
11,30967,Variance,0.007721799242826131,0.04573570618989467,0,0.0
11,30967,STG,0.3746866712867423,0.5903532163274197,15,2.5
11,30967,CAE,0.3673584586633429,0.4779887496342312,5,1.25
11,30967,GAEFS,0.25172789313578253,0.4722096433648286,7,1.75
11,30967,SSFS,0.30063801297856907,0.5684218687264647,14,2.8
12,31964,Variance,0.03741594756469747,0.1239425161888298,0,0.0
12,31964,STG,0.40598780230821163,0.5971770168426376,13,2.1666666666666665
12,31964,CAE,0.25153124986484926,0.4928184348552584,9,1.8
12,31964,GAEFS,0.33299809662996943,0.5338177535026067,9,2.25
12,31964,SSFS,0.3291450904298197,0.5845869075989515,16,2.6666666666666665
13,32961,Variance,0.024628509695643837,0.08722925945051402,1,1.0
13,32961,STG,0.4434377142600355,0.6076964496025724,14,2.8
13,32961,CAE,0.3315548719103463,0.5353744887142402,7,1.4
13,32961,GAEFS,0.38123001497399417,0.574506977035797,12,2.0
13,32961,SSFS,0.3163026750570741,0.584000261007176,14,2.8
14,33958,Variance,0.0553992195747544,0.2090989268598793,1,1.0
14,33958,STG,0.34204999293674637,0.6358165963337878,14,2.3333333333333335
14,33958,CAE,0.3312338985736788,0.5730925237503139,11,2.2
14,33958,GAEFS,0.20962432564368155,0.4348142488429966,7,1.75
14,33958,SSFS,0.3311587885595763,0.5986345375759702,16,2.6666666666666665
15,34955,Variance,0.03144492099895076,0.11269667287027062,0,0.0
15,34955,STG,0.2670167041066878,0.5991367741781176,14,2.3333333333333335
15,34955,CAE,0.281166394052926,0.5048578821663887,6,2.0
15,34955,GAEFS,0.30267198583045524,0.48785499725162373,6,1.5
15,34955,SSFS,0.28868667805804976,0.5728871078111922,16,2.6666666666666665
16,35952,Variance,0.05946351073496078,0.1546669659820981,0,0.0
16,35952,STG,0.36341189347761704,0.6190497658130165,15,2.5
16,35952,CAE,0.2898990741244989,0.4694772494114276,5,1.6666666666666667
16,35952,GAEFS,0.2411862467263162,0.5198315200295811,10,2.0
16,35952,SSFS,0.26951883016182193,0.6024314398534387,15,2.5
17,36949,Variance,0.04878547642115653,0.1501158281868876,0,0.0
17,36949,STG,0.3109587556588816,0.612841498177932,13,2.6
17,36949,CAE,0.2931558293288516,0.478963411556317,6,1.5
17,36949,GAEFS,0.21164682646144997,0.4193076969636399,5,1.6666666666666667
17,36949,SSFS,0.3172683161402613,0.5756122318054232,14,2.8
18,37946,Variance,0.06479875905559047,0.18590756176873446,1,1.0
18,37946,STG,0.4497858459361912,0.6371490927844881,14,2.3333333333333335
18,37946,CAE,0.3117387423023558,0.48739895006116746,8,1.6
18,37946,GAEFS,0.25660645869680754,0.5023330287205423,7,1.75
18,37946,SSFS,0.2996043892979272,0.5754670595907498,15,2.5
19,38943,Variance,0.05864164852865919,0.21413049841624912,2,2.0
19,38943,STG,0.26753287093713607,0.6183095435934691,13,2.6
19,38943,CAE,0.38290217706072655,0.5595570545552585,11,2.75
19,38943,GAEFS,0.2653554070221603,0.5498334061378414,10,2.0
19,38943,SSFS,0.31596452211279924,0.5989197881853188,14,2.8
