seed,unit,method,Accuracy,F1_macro,HNI,DomainBalance
31000,0,Variance,0.9492365117068206,0.9493766287066618,0.5,0.2484861591695502
31000,0,STG,0.9270444519850696,0.9262658462625515,0.3697916666666667,0.2867647058823529
31000,0,CAE,0.9197149643705463,0.9206306689929479,0.059895833333333336,0.17971453287197237
31000,0,GAEFS,0.9462504241601628,0.9463388856000321,0.0,0.10834775086505188
31000,0,SSFS,0.9312521208008144,0.9316926278720062,0.0,0.17971453287197237
31997,1,Variance,0.9489650492025788,0.9487801365909675,0.5,0.2484861591695502
31997,1,STG,0.9178825924669155,0.9166709317434787,0.3203125,0.2582179930795847
31997,1,CAE,0.9228367831693248,0.9228638061413482,0.057291666666666664,0.17257785467128028
31997,1,GAEFS,0.9371564302680693,0.9368256590662616,0.0,0.1654411764705882
31997,1,SSFS,0.9339667458432304,0.9344826376935631,0.0,0.17971453287197237
32994,2,Variance,0.9507295554801493,0.9504441335484879,0.5,0.2484861591695502
32994,2,STG,0.9351204614862573,0.9349010754304068,0.3567708333333333,0.2582179930795847
32994,2,CAE,0.9334916864608076,0.9340837369550696,0.09375,0.21539792387543255
32994,2,GAEFS,0.9468612147947064,0.9465835152836239,0.0,0.10834775086505188
32994,2,SSFS,0.9321343739395995,0.9328343669385871,0.0,0.17971453287197237
33991,3,Variance,0.9450288428910756,0.9450282454881345,0.5,0.2484861591695502
33991,3,STG,0.9215473362741772,0.9203469254318455,0.3723958333333333,0.27249134948096887
33991,3,CAE,0.9319986426874788,0.9321696830631712,0.078125,0.1654411764705882
33991,3,GAEFS,0.9461146929080421,0.9458744438196842,0.0,0.12975778546712802
33991,3,SSFS,0.9304377332880895,0.9310201590283625,0.0,0.17971453287197237
34988,4,Variance,0.9514760773668136,0.9512048134708392,0.5,0.2484861591695502
34988,4,STG,0.9312521208008144,0.9305987539768557,0.3541666666666667,0.27249134948096887
34988,4,CAE,0.9330166270783848,0.9328233260398535,0.08072916666666667,0.17257785467128028
34988,4,GAEFS,0.9355276552426195,0.9359661667169696,0.0,0.15116782006920415
34988,4,SSFS,0.9273159144893113,0.9279112811636946,0.0,0.17971453287197237
35985,5,Variance,0.9454360366474381,0.9452668243239339,0.5,0.2484861591695502
35985,5,STG,0.9324058364438411,0.9316205342095554,0.3619791666666667,0.2653546712802768
35985,5,CAE,0.9225653206650831,0.9234945009359496,0.07291666666666667,0.17257785467128028
35985,5,GAEFS,0.9404139803189684,0.940050262060152,0.0,0.08693771626297586
35985,5,SSFS,0.9360705802511028,0.9369919940013138,0.0,0.17971453287197237
36982,6,Variance,0.947268408551069,0.9472668982404858,0.5,0.2484861591695502
36982,6,STG,0.9354597896165592,0.935521483493001,0.3671875,0.27249134948096887
36982,6,CAE,0.923040380047506,0.9234032920915718,0.06770833333333333,0.15830449826989623
36982,6,GAEFS,0.9381065490329148,0.9381807861191425,0.0,0.11548442906574397
36982,6,SSFS,0.9324737020699014,0.9333414540841893,0.0,0.17971453287197237
37979,7,Variance,0.9517475398710553,0.9513380585988183,0.5,0.2484861591695502
37979,7,STG,0.931862911435358,0.9314511123669762,0.34375,0.25108131487889274
37979,7,CAE,0.9246691550729554,0.9255365507297038,0.07291666666666667,0.15116782006920415
37979,7,GAEFS,0.9455717678995589,0.9453468972126305,0.0,0.13689446366782
37979,7,SSFS,0.9320665083135392,0.9328011380574598,0.0,0.17971453287197237
38976,8,Variance,0.9481506616898541,0.9479850246339371,0.5,0.2484861591695502
38976,8,STG,0.9256871394638615,0.9248192183919273,0.3541666666666667,0.25108131487889274
38976,8,CAE,0.9246012894468951,0.9251333457192679,0.06510416666666667,0.13689446366782
38976,8,GAEFS,0.944418052256532,0.9441965142535518,0.0,0.11548442906574397
38976,8,SSFS,0.9337631489650493,0.934270888806742,0.0,0.17971453287197237
39973,9,Variance,0.9500508992195453,0.949700547062648,0.5,0.2484861591695502
39973,9,STG,0.9266372582287072,0.9263807486111603,0.34375,0.23680795847750868
39973,9,CAE,0.9233797081778079,0.9241026704738682,0.06510416666666667,0.19398788927335642
39973,9,GAEFS,0.931184255174754,0.9312882247385155,0.0,0.17257785467128028
39973,9,SSFS,0.9281981676280964,0.9286271298883323,0.0,0.17971453287197237
40970,10,Variance,0.9475398710553105,0.9473045167664068,0.5,0.2484861591695502
40970,10,STG,0.9339667458432304,0.9336584057915818,0.3411458333333333,0.27962802768166095
40970,10,CAE,0.9297590770274855,0.9309291953248616,0.059895833333333336,0.15830449826989623
40970,10,GAEFS,0.9426535459789616,0.9422962513601296,0.0,0.13689446366782
40970,10,SSFS,0.9294197488971836,0.9302980489881364,0.0,0.17971453287197237
41967,11,Variance,0.9480827960637936,0.9477330981835795,0.5,0.2484861591695502
41967,11,STG,0.9177468612147948,0.9163236752950491,0.3802083333333333,0.293901384083045
41967,11,CAE,0.93220223956566,0.9331958793654914,0.0703125,0.14403114186851207
41967,11,GAEFS,0.9304377332880897,0.9298261541561242,0.0,0.12975778546712802
41967,11,SSFS,0.9260264675941636,0.9266983271000259,0.0,0.17971453287197237
42964,12,Variance,0.9503902273498473,0.9504400011381309,0.5,0.2484861591695502
42964,12,STG,0.9252799457074993,0.9245245770773755,0.3723958333333333,0.23680795847750868
42964,12,CAE,0.9250763488293179,0.9256027550430084,0.0703125,0.19398788927335642
42964,12,GAEFS,0.9358669833729216,0.9357176881872675,0.0,0.10834775086505188
42964,12,SSFS,0.9350525958601968,0.9357577410321936,0.0,0.17971453287197237
43961,13,Variance,0.9526976586359008,0.9526434471448175,0.5,0.2484861591695502
43961,13,STG,0.9281981676280964,0.9278398870428808,0.3098958333333333,0.23680795847750868
43961,13,CAE,0.9291482863929421,0.930037395898124,0.041666666666666664,0.12975778546712802
43961,13,GAEFS,0.9445537835086528,0.9446900753600257,0.0,0.15116782006920415
43961,13,SSFS,0.9270444519850696,0.9274012058513529,0.0,0.17971453287197237
44958,14,Variance,0.9497115710892434,0.949623840171007,0.5,0.2484861591695502
44958,14,STG,0.9336274177129283,0.9334024985990489,0.359375,0.293901384083045
44958,14,CAE,0.9181540549711571,0.9180932742800257,0.0546875,0.14403114186851207
44958,14,GAEFS,0.9423142178486597,0.9417624086493206,0.0,0.14403114186851207
44958,14,SSFS,0.9361384458771631,0.9367640282307969,0.0,0.17971453287197237
45955,15,Variance,0.9492365117068206,0.9490173545941893,0.5,0.2484861591695502
45955,15,STG,0.935934848998982,0.9358590262110766,0.3619791666666667,0.25108131487889274
45955,15,CAE,0.9241262300644724,0.925063671526496,0.078125,0.15116782006920415
45955,15,GAEFS,0.9342382083474721,0.9344514231451285,0.0026041666666666665,0.13689446366782
45955,15,SSFS,0.9286732270105192,0.9292882742644668,0.0,0.17971453287197237
46952,16,Variance,0.9526297930098405,0.9526777194088213,0.5,0.2484861591695502
46952,16,STG,0.9298948082796065,0.930001860868321,0.3385416666666667,0.2653546712802768
46952,16,CAE,0.9252120800814387,0.925741157214764,0.07552083333333333,0.18685121107266434
46952,16,GAEFS,0.9432643366135054,0.9429324878677884,0.0,0.12975778546712802
46952,16,SSFS,0.933220223956566,0.9338514843610837,0.0,0.17971453287197237
47949,17,Variance,0.9476077366813709,0.9472473200914588,0.5,0.2484861591695502
47949,17,STG,0.929487614523244,0.9288565812432266,0.3880208333333333,0.2582179930795847
47949,17,CAE,0.9366813708856464,0.9366085266900139,0.06770833333333333,0.12262110726643594
47949,17,GAEFS,0.9370206990159484,0.9365085561857592,0.0,0.13689446366782
47949,17,SSFS,0.9345096708517137,0.9352460569471722,0.0,0.17971453287197237
48946,18,Variance,0.951001017984391,0.9509415539771439,0.5,0.2484861591695502
48946,18,STG,0.9360027146250424,0.9357362850836968,0.3489583333333333,0.25108131487889274
48946,18,CAE,0.9347132677298948,0.9347977061857756,0.052083333333333336,0.15830449826989623
48946,18,GAEFS,0.9455039022734985,0.9453263650262397,0.0,0.09407439446366783
48946,18,SSFS,0.9273837801153716,0.928303598186254,0.0,0.17971453287197237
49943,19,Variance,0.9485578554462165,0.9484638291548471,0.5,0.2484861591695502
49943,19,STG,0.9171360705802512,0.9170154743366048,0.3541666666666667,0.2867647058823529
49943,19,CAE,0.9205972175093315,0.9213422495274968,0.046875,0.19398788927335642
49943,19,GAEFS,0.9343739395995929,0.9340147416436905,0.0,0.15830449826989623
49943,19,SSFS,0.9334916864608076,0.9341082868267947,0.0,0.17971453287197237
