bootstrap_id,seed,method,selection_size,selected_indices
0,20000,Variance,100,1023;1548;293;720;390;1056;154;153;992;896;175;365;1646;1177;938;595;363;586;1136;618;867;1516;483;274;699;1509;588;1658;774;504;1366;1489;1266;1651;1368;1222;634;1310;197;678;191;515;1000;1306;81;616;681;499;192;1668;1141;492;409;624;132;1619;1224;1231;565;182;1410;917;238;1338;1031;1663;195;927;641;1551;1244;990;897;202;17;1454;264;122;808;962;829;1696;121;1093;1589;1273;611;134;1359;1342;1;1363;233;204;816;431;1484;10;323;104
0,20000,STG,100,147;572;481;1631;413;1132;153;1428;961;238;1609;1263;877;1488;891;480;474;573;429;1383;1678;1591;134;117;1131;1680;580;119;145;574;875;1213;579;946;402;1646;1023;1180;154;840;1385;563;293;565;112;151;281;593;381;1335;1414;161;1668;847;430;566;945;564;578;1487;1665;913;968;1499;1627;271;149;1511;1557;528;854;1311;981;1463;1516;1408;648;672;1701;408;977;333;435;320;120;812;577;1106;568;175;753;1077;995;106;511;1366;569;928;1164;21
0,20000,CAE,100,430;458;840;1428;183;1383;161;961;847;481;728;333;413;983;204;1701;877;712;1213;994;662;1678;1665;1023;1354;1682;657;119;1118;1132;832;480;151;202;474;945;1487;429;1541;1631;1548;984;936;63;98;52;1648;560;540;1634;205;112;147;1006;238;103;566;311;328;578;916;1135;1621;1289;1637;1035;494;1364;1580;1680;1609;586;1124;1311;365;1385;645;1448;686;262;633;136;696;329;1703;1488;304;1273;564;1225;501;806;522;1108;580;193;981;1036;1441;1120
0,20000,GAEFS,100,568;1469;68;362;977;434;589;368;285;1409;435;569;1010;1499;593;527;271;549;23;759;552;1487;995;726;163;840;1349;1678;672;1021;753;1106;333;119;1591;776;1701;216;564;599;1680;566;112;712;145;553;945;1661;542;1705;913;22;24;120;455;688;1354;1519;1273;1335;1219;968;1580;1440;1148;629;1006;1331;538;1663;1164;1279;748;1694;1417;1228;563;1408;161;1301;891;117;334;21;1634;982;1683;1537;1464;60;309;1263;1616;1117;875;1628;771;916;233;1025
0,20000,SSFS,100,1469;568;1609;68;362;1591;1487;1132;572;840;564;573;1631;566;145;413;119;946;579;580;285;1488;877;574;1701;238;1680;481;1678;977;368;589;1428;1180;563;112;961;1131;1263;1213;1580;913;1665;712;1385;117;1164;1409;1331;578;120;1408;153;968;21;434;875;1010;945;333;147;402;1335;161;1301;552;1148;1349;1021;847;593;474;151;1383;577;1117;435;1628;1077;1634;1627;648;672;1683;429;854;271;1511;981;149;1557;527;1279;812;1078;1354;1499;629;154;916
1,20997,Variance,100,157;560;1394;1498;1646;1236;75;1598;1015;980;1696;720;1611;713;1600;1393;26;1698;301;1546;676;1006;276;507;52;673;1541;1056;1242;1053;1446;81;332;437;886;1197;1578;836;724;1116;965;1379;1023;1313;282;1238;539;615;669;1134;899;798;462;70;1684;497;761;844;1454;1147;839;1616;1391;1580;816;1539;342;878;1087;316;1042;1014;605;715;1433;1328;1177;736;37;268;808;1151;551;1339;1286;585;1312;118;171;596;8;228;1503;519;529;383;1709;62;422;885
1,20997,STG,100,1631;147;481;1132;1383;1609;580;413;1488;238;574;572;961;1263;877;1591;573;429;118;1487;913;1213;1131;1678;1665;564;1335;875;333;946;145;402;1188;579;1180;1056;1701;112;578;854;566;151;119;1385;1428;8;563;847;430;575;1680;1646;283;117;1580;945;1023;1408;153;149;474;120;840;712;968;560;420;1685;1242;503;1311;981;886;1664;137;106;0;622;1343;1301;808;1251;1393;1339;1117;228;364;885;1557;760;1148;1078;480;577;102;890;1587;199;161;1287
1,20997,CAE,100,151;572;1665;1385;1164;1487;119;1503;1025;263;712;582;481;1701;1279;946;691;971;112;1183;847;1572;359;1506;839;648;120;501;734;1631;1433;913;1301;574;1377;1408;1081;1591;1148;961;564;1616;982;657;1224;1537;840;633;0;1379;565;613;1071;1436;1680;1693;1678;590;950;6;526;516;1580;145;875;1628;1137;432;692;509;789;670;260;577;563;1054;507;787;1684;1060;854;656;964;1384;1519;639;458;1683;629;1621;696;1144;744;983;1520;1545;454;146;326;1230
1,20997,GAEFS,100,572;1487;564;1609;579;1263;566;119;580;946;1701;840;1408;1678;578;21;1591;117;1428;1180;573;1665;333;112;1680;118;120;1580;1213;968;1164;1354;1331;145;563;945;1683;1335;955;474;1634;712;1628;1301;913;1621;692;1148;574;1696;1503;288;934;433;149;1078;161;1117;961;760;1025;1062;577;875;575;151;629;698;916;982;60;1379;1183;1077;1627;1289;668;732;892;1511;1610;481;106;511;501;1279;383;613;0;988;617;1287;812;1419;1631;1664;1383;1073;337;1181
1,20997,SSFS,100,1609;1591;1487;1132;840;145;566;564;572;946;413;573;119;1631;1680;877;580;579;574;1701;1428;1488;238;1678;1263;481;112;563;1180;1213;961;1580;117;712;1131;1164;913;1665;120;1331;1408;1385;333;578;1148;402;875;968;945;1301;21;1335;147;847;161;577;1628;153;474;1117;151;1683;149;1511;1383;854;1311;430;575;1634;648;1557;981;1077;1627;429;1279;916;670;1506;1503;106;1333;629;760;60;1354;1535;364;1287;1630;103;1078;756;1621;812;1664;982;1025;890
2,21994,Variance,100,1505;784;154;1242;1640;779;1023;388;1695;57;137;551;671;885;415;179;339;773;1094;153;1228;30;973;1425;1359;1209;1373;1411;1684;1655;1087;431;287;1399;1130;93;1541;561;1203;1478;463;510;562;634;232;264;1358;621;1453;1216;936;1372;75;612;1012;344;705;1098;601;1622;165;169;667;240;477;1664;1124;114;1168;614;105;1309;835;915;1673;1648;292;750;780;548;88;1304;879;1483;1403;157;674;1642;540;910;592;632;1122;217;334;980;1433;605;1644;531
2,21994,STG,100,1631;238;281;413;1488;153;154;147;877;481;1132;1263;1383;579;1609;961;137;1591;573;381;402;145;946;566;1213;120;564;1487;1180;572;119;1680;1131;574;580;1385;151;1665;913;1535;480;565;117;1557;1678;429;563;93;1077;333;1428;1335;875;1023;1701;112;1087;1025;1289;981;854;712;244;945;118;847;271;1664;106;408;1622;575;474;578;53;840;21;149;968;1148;971;1587;435;364;1506;1228;577;1692;1627;1414;1164;1408;1346;1354;1331;1333;1237;68;599;901
2,21994,CAE,100,119;1428;112;968;120;333;474;1279;1634;1263;1609;1552;840;1419;866;564;844;890;1474;153;1054;621;625;830;1331;877;1039;731;913;1680;294;96;1497;291;1542;899;1487;1235;971;690;1031;812;185;117;1525;441;416;636;1225;600;1683;1148;920;1408;580;1284;1226;293;945;88;1025;1012;719;753;242;109;150;1130;1640;1665;1462;1706;267;917;1641;1131;395;1511;247;237;1417;43;668;1465;1180;1535;1056;885;702;1377;161;480;1461;1075;541;15;1262;1519;1580;1043
2,21994,GAEFS,100,20;1622;572;112;566;564;1487;760;1428;1263;1591;119;946;840;1180;1481;579;333;120;1680;146;1609;1678;578;971;1701;580;145;712;563;945;117;1665;573;913;1164;1331;1148;1335;613;1281;890;875;1333;812;118;1346;151;1580;575;93;474;1408;784;574;1028;741;149;968;1078;1535;1354;296;789;1033;106;1664;670;1301;1393;21;433;1339;1287;1635;1483;916;1117;416;970;648;1025;161;1213;1634;1;565;1137;961;242;103;1279;1323;1511;461;940;1627;696;1587;992
2,21994,SSFS,100,368;1469;285;568;1609;1591;1487;572;362;564;566;1631;840;573;1132;145;946;119;413;579;1701;580;1680;1678;1488;1428;574;977;1409;877;238;481;563;1263;1180;1131;112;1665;913;1164;961;1021;1213;968;117;1580;578;120;593;1331;712;153;1408;333;945;875;21;1148;1385;589;1301;1335;161;474;147;1683;1117;402;1383;577;151;154;68;149;847;1511;1628;648;854;1077;1627;1279;1506;575;1634;429;1535;1025;1354;1078;629;1557;916;106;569;1311;364;1503;981;1630
3,22991,Variance,100,1080;550;1498;487;265;128;1425;508;618;182;154;289;56;974;326;384;515;1204;148;1587;1083;1700;1703;1170;1029;1131;80;316;132;359;807;551;652;1353;1075;1311;1282;134;1200;1040;1211;1194;1266;1692;669;1470;227;528;1035;1717;1245;85;887;854;774;753;797;418;1699;404;1144;335;631;504;632;625;972;1053;1709;155;885;1269;1313;1168;592;1673;793;732;510;1407;747;612;411;863;814;385;848;1655;723;937;835;1145;1467;77;1208;605;1221;293;1233;1056
3,22991,STG,100,481;1132;413;147;402;1488;877;1631;1213;1609;238;573;1131;579;580;961;1180;145;847;153;1591;572;875;1383;574;1428;119;1665;1385;648;946;840;564;566;154;1263;981;528;854;1680;1587;1487;1435;333;593;1335;563;1077;1011;1678;578;1701;1333;913;1408;515;435;474;430;151;553;1353;712;1668;120;117;1692;1557;480;134;1627;812;968;271;429;577;118;1331;368;1406;146;359;163;1417;1519;945;995;1188;569;1287;1499;149;1630;21;1242;244;642;1676;549;137
3,22991,CAE,100,112;564;1408;913;145;1487;1025;1628;1678;572;968;241;1414;117;1243;945;333;247;1683;458;670;1183;1164;1148;1091;563;1680;875;1581;1452;10;1488;1301;474;970;1677;1701;236;1385;1684;840;402;509;724;747;1511;1357;925;60;1081;1335;712;1023;1419;1364;21;172;692;1055;916;379;452;305;995;1503;725;238;294;981;1354;818;1523;637;566;766;475;1384;375;1631;1117;413;118;154;516;1634;205;171;1445;1062;1672;1348;1274;106;147;412;1567;1549;153;1597;783
3,22991,GAEFS,100,1487;1678;23;119;572;1591;840;566;568;564;120;1701;1263;712;1609;977;563;1680;112;68;945;1180;145;333;368;1428;946;580;1148;1469;285;589;968;579;995;21;24;578;982;117;1665;434;593;913;875;1408;629;1279;574;1409;1331;573;440;161;672;549;271;1117;1354;1164;569;22;753;759;474;1629;916;1335;1683;499;106;1628;1213;1580;1301;553;435;362;1021;163;1383;1346;1503;648;1025;1010;247;1634;776;1349;1078;961;1705;760;1106;1519;812;110;1511;1248
3,22991,SSFS,100,568;1609;1469;285;1591;1487;1132;572;413;566;564;145;840;946;573;877;574;119;977;68;580;1680;1631;1428;1678;1701;238;579;1488;1180;368;1665;1263;112;563;362;481;1409;1213;402;913;1580;578;961;1021;1349;1131;117;968;120;712;593;1385;1164;1331;333;875;1408;147;945;21;1148;847;1335;161;569;151;1301;854;672;474;1683;981;577;1627;1628;1077;153;1117;527;271;589;430;434;648;1279;1010;1557;435;552;982;1511;575;812;629;1311;149;1383;759;1106
4,23988,Variance,100,642;997;560;87;467;1546;488;650;1505;1704;1163;1073;388;1360;1083;878;618;1119;1463;768;1;427;504;836;658;353;1242;1550;1109;278;693;415;202;1233;247;1587;466;1153;460;1479;384;1659;8;171;1416;771;1539;499;588;1380;974;1084;1356;84;1122;175;416;1139;1071;909;1600;359;101;1150;656;379;276;1709;721;1175;66;267;1050;1453;1512;1641;1151;1599;1392;1689;1358;1304;233;17;1560;1267;581;369;371;302;140;983;889;808;173;584;748;1289;1359;1130
4,23988,STG,100,147;573;1631;1132;413;1591;481;877;1609;1428;1488;946;153;1680;145;840;875;1487;1180;238;402;1385;574;112;961;566;1263;119;847;1701;22;564;579;1131;580;154;117;913;572;968;578;1023;820;1408;1665;945;1383;1016;430;474;593;151;560;1335;1557;1587;1139;120;1678;333;1192;712;1078;1164;1580;511;577;118;563;429;21;8;1366;371;648;756;1029;854;302;1630;1595;993;808;1343;1213;1279;1643;1;812;1333;1346;971;1331;1289;1627;768;1356;24;161;109
4,23988,CAE,100,1213;578;1373;1609;1628;564;1078;943;674;364;1383;1374;1408;1591;145;1094;21;416;120;474;1488;1139;1532;566;1511;1705;648;306;265;1691;151;913;1346;341;885;98;153;121;1331;171;509;1267;15;1117;1582;712;242;149;1207;1593;655;1105;945;196;67;1616;951;1665;1535;1251;791;1557;103;647;1352;101;563;408;1668;651;511;1368;1462;338;991;565;1018;869;1704;1177;1023;1168;1000;957;1711;559;239;393;574;110;347;109;1045;154;641;359;383;967;1050;1112
4,23988,GAEFS,100,119;1678;840;1591;1487;566;1701;1298;945;1680;333;21;968;564;1408;916;145;161;120;118;712;112;117;1078;1331;1580;1164;1301;971;103;1025;563;913;1148;1062;1628;247;1354;629;1279;60;1263;433;1335;549;146;1511;1634;1621;337;36;171;1683;572;1503;670;474;1117;353;504;594;1137;870;1183;848;1185;110;1640;882;1114;982;688;578;698;15;46;1384;106;704;1291;1477;650;875;636;961;236;1673;1581;202;458;710;172;317;1139;970;719;258;1087;1045;1122
4,23988,SSFS,100,1609;1591;1487;1132;413;840;145;564;566;572;573;368;119;946;1631;877;1678;579;1701;1680;1488;1428;580;574;1180;112;1263;238;563;481;977;1385;1131;961;913;1580;117;1408;120;712;1331;945;1164;1213;402;578;968;1665;21;1148;875;333;1301;1335;161;153;147;589;847;151;474;1628;1117;577;1683;648;1511;1557;1311;981;1077;854;1383;1627;1279;1634;434;430;1535;1078;106;149;1469;429;568;1354;916;569;1503;1661;103;1630;670;1384;629;982;812;154;138;1287
5,24985,Variance,100,313;330;192;618;1611;1584;1245;1144;1210;335;819;1612;1630;100;499;812;1665;546;247;57;910;705;1083;1060;1696;1693;1617;1377;1717;1271;1338;1034;832;730;1109;1306;1532;158;1026;1403;1118;815;195;1353;160;742;1692;899;1192;500;736;281;795;1362;1119;1645;936;1501;542;280;131;447;1011;1006;148;866;1606;1322;771;223;955;879;1471;1046;240;1313;1360;680;807;556;560;803;1073;581;780;496;1180;1620;928;1464;1585;624;1307;648;204;877;7;1101;946;711
5,24985,STG,100,1631;147;481;573;1488;877;1609;1665;413;1132;961;946;579;238;572;1131;1144;145;1383;1180;1263;574;1428;153;1591;117;580;402;564;913;1385;840;854;1487;566;429;138;1701;563;1417;1678;120;1192;21;112;578;1213;875;945;430;1680;712;1351;812;119;1011;1580;161;1645;847;1335;480;499;1506;981;577;1595;1331;1353;928;333;819;1408;1628;1535;1587;109;154;151;575;1499;1077;1606;474;996;618;1557;281;631;410;1717;247;1627;146;149;0;1018;565;933;528
5,24985,CAE,100,1164;1183;847;1678;119;564;840;1488;1591;774;1205;202;790;1263;345;854;140;817;913;106;0;501;1132;280;112;594;566;1408;964;945;243;1039;449;1639;1414;481;803;233;151;1546;1318;1060;1041;877;1587;572;21;670;1399;24;1180;433;1148;117;402;1353;874;944;1487;1631;946;1511;1097;1683;753;808;563;1062;694;517;161;1439;1025;1006;1701;437;525;818;717;358;1687;1026;1428;216;156;22;1011;1385;1171;359;676;1680;413;1001;201;1272;1507;1407;1400;357
5,24985,GAEFS,100,119;1354;840;1487;333;726;1678;945;1481;566;1591;848;1408;968;1680;913;1701;564;112;563;145;506;247;1628;1301;971;1580;712;1164;21;1331;146;1503;120;1634;1025;161;1279;1683;1148;117;670;103;1511;916;0;1117;1335;1078;982;684;1062;1263;1621;60;1546;748;110;692;337;87;1233;1384;875;629;1684;578;1657;572;579;594;1389;1353;636;474;357;1477;1183;171;1270;996;618;1061;1558;458;509;1520;1551;98;1307;1137;745;1347;1139;1028;950;427;307;1581;266
5,24985,SSFS,100,977;1661;368;568;1609;1591;1487;1132;564;946;572;840;566;573;1631;413;1021;145;119;1488;877;579;580;1428;1678;1701;574;1680;481;1180;640;112;1131;563;238;913;1263;1665;961;593;1580;1213;578;117;1331;120;712;945;1121;1349;1385;1408;1164;21;875;333;1301;968;1469;847;474;1335;161;1148;1383;151;147;402;309;434;577;1117;1557;68;153;1252;1628;1077;1409;149;981;1634;1627;1683;854;1630;672;648;557;106;1354;1010;1511;1503;435;527;1279;916;812;575
6,25982,Variance,100,281;422;384;1353;680;200;155;1116;1188;363;675;1118;1233;1433;1394;376;810;1432;987;1451;1600;871;274;1249;967;882;1090;270;354;634;1672;84;654;1447;1235;1582;1059;1007;215;510;392;202;1124;942;1375;1323;314;140;498;1630;128;1642;612;396;1056;364;430;995;697;734;885;1149;1260;872;213;1711;1282;138;1462;342;1522;888;973;528;1165;1496;179;262;742;453;1177;1618;1145;1510;1403;784;1640;298;616;1088;1218;280;1136;48;216;714;1105;1312;95;1616
6,25982,STG,100,1631;147;572;574;145;580;481;1383;1591;579;573;1665;1609;1132;564;281;1488;1213;238;480;1428;946;578;1680;1180;875;1385;648;1263;1701;413;1487;563;430;566;402;877;117;153;913;1353;1164;1335;1131;119;120;112;961;981;1535;1678;474;1634;364;422;968;1630;1711;577;1301;840;21;987;847;333;810;977;1627;83;812;429;56;1117;1499;712;995;521;575;1580;199;146;1683;1331;435;137;1414;368;1078;685;888;1408;151;1188;774;1323;434;759;106;1628;138
6,25982,CAE,100,147;1331;430;1087;700;655;544;1467;566;875;181;877;629;841;145;1553;489;702;793;329;1263;975;1086;796;1196;712;1425;961;136;1408;484;1591;914;1279;580;1478;1235;1117;893;479;968;1578;1557;924;1383;1511;765;1222;1468;886;463;538;1197;107;1115;161;0;1317;499;723;1442;1562;228;1476;1158;563;1391;279;1192;806;549;1634;1395;229;359;774;1362;577;516;1372;843;1310;1070;870;822;1360;574;354;169;951;357;64;528;472;582;1488;1130;729;876;1049
6,25982,GAEFS,100,953;1487;119;564;840;1591;566;145;1323;1680;1678;333;1499;112;712;1701;595;945;1408;680;1117;120;21;117;1331;1580;1664;1511;572;83;68;1164;1263;169;1173;913;968;563;1148;161;1609;1078;269;1301;1354;629;1683;60;1235;450;1621;1213;593;1665;281;1634;875;434;1279;672;410;1628;1169;579;1335;247;977;916;474;1358;1711;1226;106;1062;946;580;594;392;461;1463;22;1562;118;1428;1477;1325;501;36;103;573;1010;982;575;1129;1180;798;1503;274;1535;110
6,25982,SSFS,100,1609;1591;1487;1132;413;145;564;566;572;946;877;573;840;1680;119;1631;1428;579;580;574;1701;238;1488;481;1678;1263;1665;1180;112;563;1131;1213;712;117;961;913;120;402;578;1580;1331;1385;968;1164;21;875;1301;1408;153;945;1117;1148;1335;161;333;147;474;847;1628;430;577;1683;151;1627;1383;1634;981;648;1511;1311;854;1078;1279;812;1630;106;916;1077;629;149;575;1535;1557;138;364;429;1354;1587;1333;1503;154;1346;670;760;15;146;1192;1025;1287;1506
7,26979,Variance,100,75;1006;1571;1035;548;929;148;443;81;510;1600;1498;1518;644;500;1090;1276;467;108;1366;111;1351;1029;1345;605;1358;173;281;508;1425;1447;66;134;835;681;1607;625;669;1618;987;1619;1649;652;1505;614;1583;1416;330;1381;185;1706;493;700;1400;1341;312;1471;705;1458;702;496;752;772;821;386;1470;304;1219;1463;1170;1237;205;980;825;1242;1028;740;343;588;550;660;483;1265;296;1011;1038;446;1275;1066;1402;1321;641;915;1687;124;1665;1288;17;648;1080
7,26979,STG,100,877;147;1631;580;145;574;573;481;572;579;1132;238;1609;1591;1488;429;119;1665;480;413;402;946;281;563;1428;1335;1131;1180;1487;1213;593;875;137;117;961;840;1383;1580;1263;1331;566;1678;1010;1701;1680;161;153;474;854;430;1343;564;1385;578;913;968;553;333;648;1645;1634;1408;1113;1353;575;1628;712;845;408;1301;565;120;435;1354;154;847;1535;106;933;163;945;434;1056;1078;1281;528;1164;112;1505;293;134;1557;1311;1287;1627;1511;151;109;1186;1630
7,26979,CAE,100,1164;109;21;413;1131;1144;564;981;854;258;1484;528;1631;154;175;1591;1488;1389;1385;1078;1532;1354;1678;563;1376;900;367;827;1609;103;1533;951;492;474;1205;481;1587;1041;1628;108;138;423;847;60;6;1183;1680;576;1551;1331;1502;1644;80;1390;1056;120;402;1148;1439;834;652;846;430;1485;523;82;692;565;875;1301;1343;710;712;1279;1189;637;238;792;1321;1683;1529;73;1213;29;1580;1311;648;8;507;1291;629;1428;1471;14;1098;1345;93;1562;1137;1408
7,26979,GAEFS,100,1487;1678;840;1591;119;566;564;1701;1164;145;1609;572;1180;1683;1354;712;945;1428;1680;117;1665;579;946;112;1408;333;913;1279;1580;578;1317;120;1634;580;161;1117;875;563;1263;1301;1320;760;968;573;1628;1335;1331;1148;1511;60;21;107;474;812;103;1684;670;593;163;1213;1549;574;629;963;146;1137;971;1062;916;1078;1030;644;1025;575;1621;247;509;839;1503;1281;1006;1633;1384;1541;149;1640;0;433;784;106;147;394;110;236;577;549;1077;648;961;675
7,26979,SSFS,100,1609;1591;1487;564;145;572;1132;573;840;566;413;119;946;579;580;877;574;1631;1428;1701;1680;1678;1488;1180;238;481;112;1263;1131;563;1665;913;1580;1213;117;578;120;1385;712;961;875;1164;402;1408;1331;333;968;1148;1301;945;21;1335;161;147;1117;474;151;1511;577;153;847;648;1628;1627;1683;1557;854;1354;1383;1279;1078;1311;981;1333;916;1535;1634;430;1503;149;106;575;429;1077;1025;890;364;103;812;1630;60;1384;1506;629;670;1621;756;1192;15;1144
8,27976,Variance,100,178;244;1366;1040;26;447;261;1716;1322;1610;963;296;1140;1178;603;927;1360;876;1287;67;456;1560;1102;697;1535;792;730;664;80;988;100;652;1056;1216;393;550;1159;1641;220;661;51;492;660;388;1402;344;635;737;31;841;1510;543;1568;675;736;1232;1420;1466;371;721;306;1482;1430;1341;441;1445;207;53;1474;1684;34;1073;528;1258;774;1242;1288;1395;460;1618;1419;189;1337;508;1043;185;1048;1292;575;1602;1285;85;628;859;1667;192;863;48;962;1578
8,27976,STG,100,1631;1040;147;1609;572;481;1488;178;580;877;238;1132;244;413;573;480;1591;145;1213;1428;1385;579;402;1131;429;946;1180;104;1360;574;1680;1535;1383;913;430;1487;876;1678;1258;961;563;564;447;119;474;153;566;1684;333;149;875;1335;575;1331;1366;840;154;1665;1645;432;578;118;1630;1263;117;248;981;120;1023;381;1311;968;648;1701;1498;151;449;112;1144;577;847;664;528;854;148;1408;812;199;281;1580;802;928;1267;1191;161;1301;973;945;1586;1716
8,27976,CAE,100,1503;1628;1581;21;1683;698;788;35;1591;243;853;145;594;153;474;500;1161;112;579;238;427;413;970;1211;1178;675;583;900;846;1164;618;778;946;118;1316;1580;1678;1187;981;1263;382;714;1502;1207;123;1133;649;1345;564;769;808;1609;329;117;1704;1335;1172;108;249;533;1496;1004;1132;566;119;582;192;1295;1255;1677;234;951;1615;1366;1691;811;105;877;634;331;563;534;236;327;1186;1254;1402;1279;1701;1634;684;823;507;274;1238;1579;296;1212;874;517
8,27976,GAEFS,100,1591;840;1487;1680;119;120;566;21;564;117;572;1665;112;1678;1609;1263;145;1701;1331;333;946;968;1148;712;1164;913;1408;563;579;580;1580;1301;1428;1511;1535;1611;1180;945;1335;648;1628;875;1684;1279;1506;1213;106;573;1078;110;577;916;178;161;574;578;103;449;1025;1354;1621;1630;961;688;594;474;629;149;950;575;60;1683;1360;982;1117;1503;1634;1372;66;1498;1040;258;1137;1606;516;1062;684;0;151;1347;1380;1191;432;1626;928;247;104;146;772;1359
8,27976,SSFS,100,977;1609;1591;1487;572;566;840;564;946;145;573;1631;119;593;413;1132;579;368;580;1428;1701;574;1488;1678;1680;1180;1661;1469;568;563;238;877;1213;1131;1263;481;112;961;120;1580;712;1331;913;117;1665;1164;578;1385;968;1148;333;21;1301;1408;153;875;945;589;1335;402;1683;1628;161;577;1383;151;474;1627;1409;1117;285;147;847;429;1077;1311;648;1634;981;1511;154;149;629;434;1021;1279;575;106;812;1503;1499;670;1354;1078;1535;1333;1506;1557;1587;1384
9,28973,Variance,100,795;1636;56;1302;1684;437;1019;1292;585;1542;997;346;393;1393;854;600;836;118;882;658;1454;1358;154;42;1640;1109;674;1130;384;433;1672;1147;7;65;1546;737;1086;1587;310;992;1281;967;607;1220;179;617;110;340;499;173;1040;974;565;291;1599;334;505;1;1018;721;841;964;1656;1290;966;219;1399;754;1038;1319;1664;1549;1140;871;537;1385;963;1362;702;1458;1695;1702;520;463;744;399;1365;125;487;159;753;157;810;1295;1478;1502;1616;1238;1545;528
9,28973,STG,100,147;1631;1131;481;145;1591;1132;413;154;1488;573;877;1263;474;1383;1385;1335;402;1487;579;580;153;981;971;238;574;564;1609;1701;563;1180;110;1428;429;119;968;961;1680;946;117;875;1580;1587;572;1678;302;480;1664;333;854;1311;840;566;1148;913;430;847;433;1665;137;1408;595;1353;112;578;712;1331;1213;1705;1018;1301;836;565;21;881;1025;945;1078;146;239;1667;1414;1019;732;106;528;120;1623;1164;199;1657;1608;1685;1557;621;1683;1332;1668;151;15
9,28973,CAE,100,383;117;333;961;21;0;1144;563;1385;1301;1488;1631;1503;1318;1171;1384;712;509;564;1487;97;574;1684;841;1557;840;875;847;1621;1139;143;504;480;913;1045;982;402;56;1423;1408;372;1018;109;1683;687;414;206;798;572;749;1590;1117;1102;907;1078;1402;1587;1449;1275;1308;503;147;670;931;1389;78;1692;732;1217;1064;584;575;1248;1168;8;608;1131;629;1591;826;1357;1344;110;98;1164;1098;885;151;808;682;1224;1609;812;120;1433;318;1294;481;1667;1032
9,28973,GAEFS,100,119;840;1591;1678;1487;564;566;506;1608;1684;145;1680;1650;21;881;1408;1683;913;79;333;1279;120;112;968;1701;117;945;1331;110;1354;1580;712;1301;1148;370;118;161;433;1621;1503;982;1628;1335;563;1164;1610;971;579;146;1263;1183;572;1511;1117;1025;629;103;670;580;1078;916;1634;1384;875;240;36;296;1358;1510;258;918;717;578;1452;549;900;247;0;954;1428;509;1599;461;375;1062;15;171;946;817;1493;60;1302;317;1238;474;1275;691;684;692;974
9,28973,SSFS,100,1609;1591;1487;1132;145;564;572;840;413;573;566;946;877;119;1428;1631;579;574;580;1680;1701;1488;238;1678;1263;481;112;1180;563;117;402;913;712;1131;1164;1580;1331;120;961;968;1213;1408;1665;1148;875;578;333;1385;153;21;1301;147;1335;847;161;945;474;981;1683;1628;151;577;854;1117;154;1511;430;429;1279;629;1383;1311;1634;1627;149;1557;106;1506;1664;1630;648;1078;1077;1621;1587;1535;575;1685;812;1503;1354;1668;916;982;756;364;103;1025;15;60
10,29970,Variance,100,981;90;772;933;1616;644;1163;1226;1374;1136;310;762;967;928;742;1612;1189;126;1123;1505;218;728;275;570;898;1319;720;854;1011;607;994;191;1667;232;677;949;467;1159;194;1276;1242;508;959;529;384;1474;725;859;1312;1393;1208;1175;1579;44;812;1151;793;816;1447;575;166;1396;1466;1407;787;650;1120;75;680;1334;1356;443;825;1079;138;1020;1303;314;359;463;1630;306;1225;413;249;764;1083;1059;760;1119;807;1539;205;260;1214;338;917;1696;1392;401
10,29970,STG,100,1631;877;413;1488;574;573;1132;981;402;481;480;1383;145;961;1385;572;1609;147;1131;1263;238;474;1678;946;566;580;1591;579;1335;854;563;1428;430;1680;1180;153;564;1487;1374;119;138;875;449;1665;840;577;1189;1343;968;1213;913;429;824;1701;993;1056;112;151;847;648;302;117;1311;1307;756;401;971;1414;1122;933;552;928;467;578;816;1668;1226;1437;1396;945;1630;528;650;560;1164;575;1384;1442;1408;622;120;1511;333;1011;527;653;1041;826;1077;1627
10,29970,CAE,100,153;578;647;1631;449;1668;566;712;1131;481;1591;1175;572;151;408;543;1311;837;1557;84;1018;194;137;1261;1593;328;622;719;909;580;826;1061;468;1318;981;1384;621;443;447;402;219;40;1606;730;1113;964;1026;1023;1132;1383;1357;1576;274;1294;232;1434;1331;1675;240;1279;925;154;725;112;276;1163;1117;976;1189;664;1408;1273;1056;1321;854;1467;1630;1041;1700;836;1151;413;561;39;476;1682;1306;480;99;674;1665;90;1532;1307;1168;1263;270;817;1129;1193
10,29970,GAEFS,100,119;1678;840;1481;1487;1591;566;564;21;1701;333;161;1173;23;1680;945;112;1354;50;1396;1117;913;1634;712;145;968;247;1671;703;1408;1148;1164;1580;916;1331;120;1078;993;1628;1384;1279;959;117;470;892;1511;1301;1226;563;118;1437;24;824;838;110;971;1374;670;816;1025;1503;933;433;1621;60;982;1434;22;109;1263;1643;1407;1683;1705;449;103;1335;579;509;572;1062;146;629;961;283;875;1442;1031;1489;1673;1613;1289;1033;981;645;159;317;626;657;1095
10,29970,SSFS,100,1609;1591;1487;564;572;566;946;840;573;1132;1631;413;145;119;877;1488;579;574;1428;1678;580;1701;1680;238;481;112;1173;1263;1131;961;913;1180;563;1213;117;712;120;1385;21;1331;402;1665;1164;333;1580;578;968;875;1408;1148;147;1671;1335;945;1301;981;161;153;1117;474;847;1383;1511;151;1077;577;1683;1628;854;838;1634;1627;1279;916;429;1630;1311;703;648;138;430;629;1354;1643;103;1535;575;1078;1506;149;1503;760;106;1333;1557;812;1668;982;1025;670
11,30967,Variance,100,244;363;832;1214;1308;128;65;1065;530;498;13;1079;444;1645;586;499;1000;396;229;279;132;929;1319;1233;297;963;1576;1410;678;1218;266;1207;431;1659;917;632;1644;902;1240;622;974;1510;1254;349;298;677;588;1103;1066;1560;765;231;555;1090;494;937;1405;340;45;1370;1393;411;142;1201;689;30;861;562;220;535;1120;302;175;1516;52;799;169;204;206;756;205;1084;631;705;1705;1325;126;1306;412;427;1112;1526;1270;899;483;892;1607;646;909;1703
11,30967,STG,100,1631;402;238;481;579;1609;1132;413;1263;1383;573;1131;1488;147;877;580;244;1428;1499;574;1645;961;1591;946;119;1557;480;1680;1487;474;564;271;1213;528;1678;572;1385;847;563;1701;840;1180;578;566;1665;913;151;430;333;145;281;435;968;1360;434;875;648;153;117;106;854;359;1331;429;971;589;1408;1018;1335;577;1590;1580;981;945;1056;112;1301;120;1627;808;1164;1668;987;149;1683;622;995;712;21;1117;1219;1705;1661;447;845;1587;1630;1078;1497;977
11,30967,CAE,100,1117;1701;1441;1634;1602;474;573;946;840;1091;1041;903;590;1511;1580;1487;1668;916;917;1607;402;961;657;847;777;429;391;1161;192;622;1341;878;828;565;1557;648;340;1223;1299;806;968;982;1164;1419;510;1078;1050;540;731;1338;1383;112;986;1375;265;344;1591;913;1640;452;405;935;683;1070;1331;329;90;1385;710;1678;575;1335;954;1025;1357;1680;773;1555;145;1057;1241;1354;1011;119;564;1564;343;428;1595;577;1391;106;1263;598;102;681;1156;924;971;352
11,30967,GAEFS,100,1121;977;566;1661;568;1487;119;564;840;368;1591;589;145;1701;1678;1680;1628;112;435;21;1469;593;1499;913;333;117;1408;1331;1301;995;1164;968;1025;1481;1010;1424;712;672;1683;1073;1117;309;945;120;1580;1653;1634;1263;1354;271;1335;1148;1486;1503;640;670;161;1511;434;1279;560;971;1078;563;527;900;629;572;485;103;60;118;578;1218;163;916;1361;1425;1370;717;1183;684;759;433;1088;146;1137;110;247;753;982;78;625;875;1106;1633;106;961;250;1021
11,30967,SSFS,100,1609;1591;1132;1487;840;413;573;572;564;145;119;566;946;1428;1678;574;580;877;579;1680;1631;1701;238;1263;1488;1213;563;112;1131;1180;1580;481;1164;1385;913;961;578;1408;1665;712;1331;117;402;968;120;333;147;945;21;875;1301;1335;161;1148;1628;847;474;577;1078;151;1117;648;1683;981;153;1634;430;149;1383;1627;1279;1630;1025;1557;1506;1511;1077;756;1333;854;1311;812;106;364;1535;1354;629;670;15;138;1346;916;429;1287;1503;103;1183;982;575;60
12,31964,Variance,100,485;246;1471;1236;195;157;768;1410;1705;1219;1138;747;135;405;468;829;169;1322;1501;771;45;1120;887;359;463;530;1710;1438;227;1325;628;1575;925;215;1673;89;786;1108;1083;1634;989;602;642;1005;528;1474;1323;1630;770;1403;1114;182;702;58;1444;921;46;1406;183;194;655;1578;1294;863;1602;1704;686;1000;81;343;91;257;1013;998;1093;931;38;1590;645;360;1535;1433;439;753;1400;632;146;1512;1693;353;983;1049;1451;1509;445;897;54;896;281;202
12,31964,STG,100,1631;413;147;1132;946;481;1131;402;1488;854;1609;877;1701;238;1705;579;1383;847;145;573;572;1213;563;961;1428;511;1487;574;1591;580;1263;875;566;474;564;1678;1680;1180;840;945;1335;119;1710;981;117;578;112;968;430;1385;1106;480;1408;149;913;1630;1580;1366;1706;333;1535;1557;528;408;1078;995;1056;712;617;120;151;527;21;829;109;1665;577;1331;1164;1615;15;169;359;1077;161;1311;364;435;575;429;1279;153;311;106;890;16;1384;372;648;1645
12,31964,CAE,100,590;481;712;580;1634;1609;1180;1487;1108;564;145;234;591;1701;153;117;151;812;572;563;1488;1269;83;946;874;1601;1476;1117;961;566;1254;441;178;1284;1014;1365;1655;1289;540;579;1564;112;800;1132;1627;725;174;1420;672;1557;5;474;135;747;731;1610;1023;1478;1591;716;1062;705;1498;161;1041;1333;1421;602;1301;930;379;1428;917;973;1006;236;1544;109;554;531;99;429;1307;1580;280;478;867;1025;1240;384;492;1202;645;636;1579;1646;1577;1315;180;750
12,31964,GAEFS,100,4;74;630;1481;119;840;1173;1678;1487;1591;564;1680;599;566;145;1701;1148;945;333;1408;1615;712;112;913;117;1580;1569;968;820;1164;120;21;1301;0;1628;1331;359;563;1152;1117;629;109;1203;1390;1354;847;161;110;916;875;572;1279;982;1025;60;921;1634;1263;1347;273;961;151;118;677;1078;1335;1511;237;1383;1599;1131;1132;1488;971;1503;970;1631;509;481;1062;1683;106;877;232;788;1684;153;103;1023;594;1137;8;990;673;1562;666;1183;900;146;1315
12,31964,SSFS,100,368;568;1469;1591;1609;1487;1132;564;572;145;840;566;946;119;573;413;977;877;579;1631;1678;1428;1680;1701;574;580;238;1488;1661;1349;1180;285;1263;1131;481;593;112;68;563;1213;117;120;913;402;1580;712;968;961;1331;578;21;1010;1408;589;1409;1148;161;1164;333;1665;875;1301;1385;847;945;309;362;147;1335;474;1021;434;151;577;1383;153;1628;1683;854;981;1117;1634;271;1077;1627;1279;648;672;429;1511;1499;1557;916;435;1535;1503;1630;629;106;1668
13,32961,Variance,100,1412;595;950;1080;138;504;921;988;287;1302;65;409;910;1541;652;1566;1027;249;936;818;332;1067;954;1664;1618;1144;58;1129;1447;898;1549;1704;740;773;278;585;1244;1276;197;779;878;807;904;372;34;1122;706;508;137;154;832;194;182;446;972;73;439;768;1257;990;1209;1561;1421;461;466;937;922;631;308;1186;967;1407;55;338;685;1599;1281;211;1237;1344;1082;869;608;1188;1320;728;80;185;1564;1471;261;819;932;301;1498;1076;929;297;701;1485
13,32961,STG,100,1631;1609;1132;413;481;1488;147;1383;961;238;877;572;1428;1591;574;579;1678;580;1131;840;573;563;1487;119;847;564;138;402;1180;153;1335;1665;154;145;1385;1701;480;981;120;1680;1263;566;946;1019;913;706;112;333;875;1144;151;168;106;578;430;98;1311;1251;474;259;1213;854;945;161;712;968;1506;1018;177;1331;956;178;1580;1106;808;408;1295;117;1627;648;1668;137;429;1408;1164;1027;211;1557;1587;1535;577;1634;1078;1281;21;1080;1288;1664;779;575
13,32961,CAE,100,1062;119;1701;1591;840;1628;1217;971;0;1141;1487;1634;629;572;1081;247;120;1164;946;574;161;1562;1511;15;480;732;1408;207;1331;712;116;171;1007;1438;1680;1148;1503;1213;1549;1693;1384;117;433;501;1301;78;1279;110;735;51;1383;1123;1042;481;1712;696;916;1417;728;1486;1395;1261;364;1678;644;60;1137;1381;564;594;877;199;292;146;945;974;875;964;1478;474;546;662;1580;1263;1078;655;189;961;1230;578;448;1683;382;242;1375;41;100;180;1702;970
13,32961,GAEFS,100,589;368;1487;1678;1701;119;840;564;566;24;1591;1263;569;271;434;572;112;120;22;145;1680;1408;1164;21;712;1354;1683;333;1511;261;161;1580;117;1301;945;563;1078;1331;579;913;968;1628;435;1148;1704;1117;580;1653;1634;138;106;169;332;177;1661;1123;1587;1289;1428;1609;875;946;1383;154;995;670;1503;629;1025;977;568;881;1180;808;573;1335;163;578;481;1422;118;1708;1276;961;845;1488;974;916;1631;759;1581;1131;594;60;1279;1442;553;1621;542;877
13,32961,SSFS,100,1591;1609;1631;1487;145;1132;564;566;572;1488;481;840;238;877;573;413;119;946;579;580;1680;1701;574;1428;1678;961;1263;1383;112;1180;1164;402;847;563;913;1580;712;120;1665;117;578;1331;1131;1408;1213;21;1335;875;968;147;1301;151;854;1148;945;333;161;1385;1117;153;474;577;480;1683;430;1311;1628;1511;1627;1557;648;981;916;1634;106;1279;408;1506;1078;1668;429;629;1354;670;103;1503;1077;154;1535;1630;1018;199;812;575;15;1621;1664;982;760;146
14,33958,Variance,100,293;1672;494;493;1344;154;437;1219;134;1385;885;91;497;1144;1180;410;468;1286;1647;664;1458;763;1610;584;244;344;1334;466;1537;445;955;1289;1673;1393;1311;67;847;1677;1538;1306;281;1501;1322;1031;1153;223;105;888;107;429;109;760;1394;1463;94;976;1320;1548;818;638;153;1444;1704;1023;685;116;280;787;1594;1397;612;734;238;950;742;1088;138;1551;924;431;438;893;1498;1214;1454;1332;565;553;85;455;1438;197;1237;959;791;1411;30;393;1238;1012
14,33958,STG,100,1631;481;579;1213;1609;1132;1488;1383;573;1591;877;572;153;238;413;995;574;580;145;1180;154;1428;961;147;563;854;480;946;578;1672;847;402;434;875;1499;429;564;971;119;1385;435;1263;968;1335;553;120;1678;1701;1487;333;890;474;840;117;1025;577;776;565;977;1131;281;1680;1331;1629;1106;408;410;527;1144;1705;566;1010;1665;913;271;430;1265;744;1354;1580;1513;945;1148;1519;599;1023;593;138;368;1394;1371;589;818;759;575;712;672;497;1219;1311
14,33958,CAE,100,119;1634;1511;1408;1019;1487;840;1245;1621;1164;563;1701;488;946;1148;574;238;1333;968;1180;971;1132;247;1628;1678;509;480;854;684;458;821;982;857;1591;1339;1668;199;1091;21;572;407;622;15;890;112;501;1097;1631;546;1262;564;1503;1384;420;1313;961;992;945;1031;639;972;1439;1357;316;1335;1534;749;1354;913;429;1459;55;1025;1385;1323;712;257;1322;503;1609;914;1318;82;333;244;657;1428;1361;138;1383;1364;978;860;117;1078;1026;1103;474;553;856
14,33958,GAEFS,100,285;362;568;1469;162;589;68;1409;599;995;368;569;553;977;593;1705;1021;434;1678;1422;333;142;119;1025;435;350;1487;1010;542;1591;712;163;1499;527;271;759;21;840;1349;672;1164;629;564;145;566;1106;1354;1302;1701;1680;549;1652;1408;552;1417;968;1628;1683;112;1684;688;753;1623;1006;1519;916;945;118;1672;563;1384;497;117;1301;1331;161;120;913;748;971;146;1273;910;1383;476;1148;103;1263;1580;607;1117;776;961;1279;1440;110;1347;698;875;670
14,33958,SSFS,100,1469;568;1609;285;362;1591;1487;572;840;564;68;573;566;145;119;946;1631;1180;1132;1428;574;1680;580;1701;413;579;1678;1488;481;877;368;238;1021;589;1263;1213;563;977;1409;593;112;961;1580;120;117;712;1164;913;578;1331;968;333;402;1131;21;1385;1408;1148;875;1665;161;1301;945;1349;1335;847;1628;147;1383;1117;153;474;577;552;434;1627;1683;672;1010;854;569;429;151;1511;527;435;1279;1557;1499;995;648;1077;271;542;154;1634;1354;149;106;629
15,34955,Variance,100,1089;278;310;1226;935;585;467;1228;1217;1704;807;134;1337;487;1377;1470;783;1371;872;330;981;540;1598;548;407;974;1554;528;570;795;1080;733;300;126;418;1144;441;287;515;109;635;656;586;1603;1123;1233;1060;1412;638;908;1266;334;11;294;52;40;1159;456;607;1092;931;1290;1618;831;1282;510;1019;522;1444;776;257;125;1020;384;453;1451;1023;1079;51;180;928;1646;1234;1093;715;1257;1338;1630;1430;662;8;415;422;922;303;956;1177;486;669;1095
15,34955,STG,100,1631;1132;1213;1383;961;1609;147;1488;413;573;572;877;238;481;1263;145;854;1665;579;1131;566;402;1591;574;474;1678;580;840;1487;981;589;429;946;1180;249;1248;995;119;430;1428;151;563;106;1668;1035;1331;1499;117;847;1311;271;21;149;435;1226;1156;564;875;1557;368;1385;333;407;578;153;1685;1301;434;913;1279;1335;1580;411;112;1701;971;1408;928;565;593;577;1077;1030;120;1164;1144;310;1023;1680;540;528;1338;945;1630;1010;138;569;1676;648;672
15,34955,CAE,100,961;101;161;564;1331;1488;1516;968;1580;1193;658;769;877;258;945;574;1131;1591;430;1143;828;1664;154;756;1668;928;1180;1581;299;866;1361;563;377;458;903;748;1194;566;1568;941;410;292;808;1370;858;1126;579;1025;1683;1132;1062;106;117;1609;886;126;982;120;1386;60;1384;1238;936;578;1627;1717;1482;1631;607;904;1532;482;1590;1455;447;1691;72;1540;600;732;1497;575;971;1198;760;1686;1018;1701;1506;1001;870;173;664;24;1442;509;1080;157;330;670
15,34955,GAEFS,100,557;1701;119;566;840;1298;1487;564;1569;1678;1591;145;1683;333;968;485;1680;712;1248;540;330;1331;118;120;112;21;1408;117;1148;161;548;1078;249;945;1301;1156;1580;1117;1263;1279;563;87;1628;629;1164;916;1335;407;670;995;1511;1354;103;913;140;1634;875;971;1503;146;1266;1621;60;1486;1025;989;662;262;509;34;1030;422;572;1377;0;1384;1657;970;516;388;1163;905;354;411;106;481;1235;151;792;1383;738;467;1197;433;1062;427;982;501;921;539
15,34955,SSFS,100,1469;568;977;1132;119;1609;1591;1678;1487;1631;840;145;572;566;1488;413;564;573;877;147;946;481;1701;1349;1428;238;1680;579;574;580;1263;1661;285;362;68;961;563;1180;402;1383;968;593;112;945;1665;1131;1213;913;1408;333;712;117;120;368;1164;578;1580;1331;1385;847;875;1021;1335;21;589;1301;1148;1634;161;151;854;474;1628;981;1117;672;577;480;153;1078;430;1683;434;1279;1354;1511;1557;1409;552;435;149;1311;1025;1077;916;1627;971;429;629;106
16,35952,Variance,100,1023;244;560;320;1269;1024;1463;664;995;1177;910;157;681;1192;1403;938;1306;1521;395;1464;476;91;1063;1056;1287;454;399;80;379;1323;1202;927;422;1013;1221;1165;1566;477;235;1360;1542;1412;924;1034;1229;747;26;971;1474;1587;1423;717;1319;499;198;614;1454;1157;480;53;82;171;510;308;1114;1622;270;646;935;870;1655;279;457;839;537;295;1410;214;133;1564;326;1305;1262;408;345;1668;1621;1084;376;693;89;1537;973;667;352;858;650;472;1462;526
16,35952,STG,100,481;1023;1631;1488;961;1609;572;1383;238;946;147;579;429;413;1591;1132;153;1131;119;1487;145;574;1180;580;1428;877;244;154;1263;875;120;1335;573;53;995;578;1587;395;854;566;563;564;840;333;402;1665;1385;1680;430;480;1213;434;454;971;913;381;981;1678;1056;409;1701;1269;1423;50;408;1668;1408;1301;1627;945;847;1287;1024;968;474;21;7;368;759;435;648;1540;271;527;1078;293;112;1533;712;820;826;1569;1511;717;1685;1628;1414;103;151;1192
16,35952,CAE,100,698;474;433;21;1701;106;1665;1683;1580;247;119;1621;572;900;310;1301;1062;333;87;580;594;1692;112;8;1357;554;968;120;925;1696;1490;1354;1591;15;516;1161;457;1678;1503;1025;0;316;343;1322;1433;914;712;1007;60;566;1387;1148;1487;276;1684;307;1263;629;1634;146;11;885;1640;798;1656;916;233;509;857;732;1589;501;576;1117;117;1396;579;1071;1413;161;1279;1408;961;1549;244;960;327;1335;696;564;840;731;258;1384;533;1137;298;753;1305;1213
16,35952,GAEFS,100,368;434;569;977;568;589;572;995;1487;840;580;1683;579;120;578;163;564;1591;1609;1678;1180;566;112;1680;1653;119;435;145;1263;593;1665;1701;117;1469;1408;672;712;1164;1661;1428;1148;21;68;161;945;549;333;1409;573;946;1580;913;149;1377;563;1634;1213;271;968;717;285;574;1078;1021;1331;171;395;409;553;309;1279;1511;36;1335;629;982;875;1301;110;1010;1506;1628;1123;1499;949;1630;106;759;1287;1621;953;458;1077;753;971;474;362;60;1354;1117
16,35952,SSFS,100,568;1609;119;1678;1487;1591;840;1661;1469;145;572;1132;564;573;566;977;1631;946;574;413;1428;1680;877;147;579;1701;580;1488;368;1180;238;1131;481;563;333;913;112;968;1263;961;1213;945;68;1580;593;1408;1665;578;120;1164;712;1021;117;1331;21;161;1301;875;1385;285;153;402;1148;1335;1078;474;1628;672;1279;1383;309;577;1354;149;847;1117;1511;854;971;648;1077;1627;1683;1634;151;1349;916;1557;1311;981;1506;1025;1384;154;106;1630;429;1409;1010;434
17,36949,Variance,100,1080;720;134;581;1138;675;1598;289;1695;1228;1101;1126;352;1049;1249;928;1366;812;393;628;70;1299;122;327;463;607;1416;1669;153;493;316;677;372;499;1089;1181;795;154;418;65;1260;1618;61;1068;1270;1595;1323;774;1159;1185;373;890;1672;702;105;994;687;1391;389;1192;216;421;781;799;944;981;486;942;585;792;184;1620;669;1450;1630;1345;825;1208;1380;974;1658;648;1594;1559;1687;983;500;482;233;1458;1420;1027;1365;756;206;1077;518;43;198;422
17,36949,STG,100,1132;153;1488;154;238;877;147;481;413;1631;1678;1609;572;1428;145;1487;563;381;573;1680;1131;961;579;847;580;946;1591;1213;1263;429;1701;566;1383;1252;981;112;574;1335;577;928;1385;875;1180;119;480;854;1665;913;107;712;578;1557;402;1286;430;840;812;968;564;134;1408;945;1311;1077;151;117;1595;1450;1416;120;1683;281;1251;1580;1630;1627;1192;161;1023;333;1685;1645;149;1164;648;122;1354;1331;1148;1073;199;21;80;110;278;1414;1360;890;1056;1668
17,36949,CAE,100,112;1591;995;913;1331;120;712;119;636;1701;798;247;1562;968;1164;1279;1510;982;474;0;1137;840;1678;810;161;1263;991;1339;237;945;916;1487;1078;723;564;1462;1580;1598;1488;1621;1684;875;337;961;110;153;1383;1301;1062;145;974;411;144;1025;452;258;1634;684;870;572;566;1594;183;1091;1148;457;172;203;1019;1595;451;1272;238;735;146;1683;21;123;351;1377;1347;509;352;378;892;971;844;646;685;602;1408;118;1644;732;1570;1503;882;1508;419;1696
17,36949,GAEFS,100,880;1404;1487;566;840;1678;119;1591;726;1701;161;564;913;112;145;968;549;1580;1408;1680;1252;892;1279;945;712;117;1251;563;1683;333;120;1360;470;1148;1331;1117;1164;21;1503;1301;1422;1073;1628;43;1711;1634;542;132;499;738;1263;595;1335;110;572;28;485;346;60;808;103;916;1138;1053;1595;1511;487;1025;971;670;1505;733;433;146;178;122;504;339;287;1346;636;505;626;106;982;289;107;1437;1621;900;1377;1477;296;1474;1062;629;1566;1417;0;458
17,36949,SSFS,100,1609;1591;1487;1132;572;413;946;573;564;566;145;840;119;574;1631;1428;580;579;1701;877;238;1680;1488;1678;481;1263;1131;1180;563;112;1213;913;578;961;120;712;117;1665;1408;968;1580;1331;402;1164;147;1148;875;333;1385;21;1301;153;847;945;1335;981;151;161;1683;577;1627;474;648;1557;1383;854;1117;1628;1077;149;1311;1354;1511;106;1535;1279;1506;629;812;1192;429;1630;916;1634;430;1078;575;1333;756;982;154;890;364;1503;1668;1346;103;928;670;199
18,37946,Variance,100,7;157;839;1633;1220;57;1638;717;1306;1353;94;1365;445;1058;1541;438;1684;950;1342;1212;216;1276;895;224;1655;137;1005;906;1418;1693;936;543;1297;389;281;870;1635;933;2;171;1238;620;716;998;989;1321;1634;942;909;915;548;1133;132;1108;1410;1362;1189;1425;1279;539;699;552;220;1050;417;932;602;231;897;833;280;959;935;291;976;945;270;118;1393;1178;433;836;65;888;500;1219;754;797;1709;1214;1066;340;1175;1031;55;1377;917;21;1498;1681
18,37946,STG,100,147;1383;1631;481;1591;1488;1132;580;574;579;572;877;1609;1428;413;119;238;145;402;1499;153;566;961;1701;946;1678;573;564;1131;1263;1180;840;480;563;154;1433;854;1680;528;1487;429;112;117;679;1335;945;1276;712;1311;1683;21;578;1385;151;847;408;1665;875;981;1213;118;435;577;271;968;430;333;995;890;1580;1645;177;138;1301;759;1408;913;137;1106;120;845;589;281;1535;1331;1384;1628;474;1164;1511;1077;1220;30;622;1006;1251;892;1117;149;1353
18,37946,CAE,100,1384;21;839;1581;242;112;1148;1680;684;1433;119;171;1628;1580;1137;1279;474;1354;840;237;1377;564;1621;145;875;0;1064;670;1263;1486;1634;1503;1520;945;1591;712;1224;561;753;1488;916;572;829;383;566;580;771;117;1183;870;146;430;54;233;151;1164;1701;1301;907;1180;1078;1487;1393;571;238;1660;66;1331;329;639;950;236;120;1288;624;343;576;598;1198;317;1549;333;1609;1511;578;1293;31;970;563;173;1088;577;913;1408;1357;636;1426;1335;161;124
18,37946,GAEFS,100,881;440;566;1487;564;1591;1701;145;840;119;1678;1680;112;913;1683;117;1331;712;1580;1164;968;120;945;21;161;1301;1408;759;333;1117;433;1628;589;982;1317;1684;549;692;146;1657;1503;1279;563;1148;918;1511;572;1335;1377;1025;1263;670;1354;1634;1078;579;1621;837;103;882;0;971;110;916;247;60;580;296;458;1384;118;1015;1062;383;1099;36;1361;474;578;684;1347;629;885;717;550;713;15;1418;435;910;798;57;839;625;343;900;1640;186;1137;753
18,37946,SSFS,100,589;1609;1591;1487;1631;145;564;572;566;119;840;1488;946;573;1701;1678;1680;579;580;574;1132;481;1428;1180;563;1131;413;112;877;1263;1213;961;712;120;117;238;968;578;913;1164;875;21;1331;1580;1665;945;1408;333;1383;1301;527;1335;1148;435;402;1499;1010;1117;1628;474;977;568;1469;847;147;271;153;151;1385;1683;577;161;368;648;1506;1279;916;1627;1511;981;1077;1634;1535;1078;759;1311;629;1354;149;575;1106;672;854;68;995;622;106;285;60;103
19,38943,Variance,100,1696;293;1664;1353;105;934;1673;153;560;1118;518;53;1311;1521;1287;1120;825;225;885;1241;1699;59;530;1321;1023;1088;1083;938;1107;666;1336;154;1028;660;1052;854;238;281;45;39;1612;678;1352;816;976;1237;1130;149;1616;1419;201;965;1582;1319;138;1098;1059;1245;1265;1412;701;1684;240;1425;1370;617;667;903;409;1505;1104;981;798;1132;1578;1400;359;1471;546;1564;1126;892;1055;669;260;1171;178;890;1014;528;286;483;994;94;1635;343;762;565;915;1136
19,38943,STG,100,1631;147;1132;961;481;1609;1488;238;402;145;413;877;573;566;1131;579;119;153;563;1591;1180;1428;1678;946;564;572;580;1335;913;1487;430;854;875;154;1383;574;1414;429;1263;981;840;381;1665;1023;1701;1368;1385;578;1408;148;1029;112;53;794;1144;333;1680;732;117;151;1311;812;847;928;120;1213;1301;281;293;149;1384;474;1232;1188;1287;968;1016;577;1685;528;945;1164;648;1540;1078;1336;480;1683;971;416;575;433;1628;1148;1354;1580;1621;1616;1331;1710
19,38943,CAE,100,1680;1301;1609;110;875;1665;1511;1164;840;481;1148;120;1684;1132;712;112;1131;544;744;305;1503;161;1557;629;563;1408;1612;566;278;154;429;970;337;707;402;1311;233;1695;1081;648;789;1488;1384;512;474;215;579;455;1316;1225;1078;1628;1591;359;1477;1701;1242;877;982;925;913;1631;1385;199;916;1209;484;1414;1056;1353;127;945;430;1497;1267;1263;1475;501;885;1335;1580;333;968;830;1034;1144;1180;238;1678;971;343;847;946;575;381;816;560;564;1149;427
19,38943,GAEFS,100,1016;1643;593;1343;623;1487;566;1678;1591;145;119;1580;564;913;1191;840;1680;1164;1701;1408;1181;120;1331;112;579;572;968;432;1104;333;1301;1683;117;1148;945;712;1120;1354;1628;1263;982;1188;580;563;845;971;161;1117;1511;511;1078;670;578;629;22;21;1335;1544;1609;504;1279;474;1503;281;1234;149;946;221;1612;1353;1390;875;1585;103;482;1333;1137;146;1598;60;916;1025;1634;1428;648;1684;362;110;1696;481;1132;163;1621;0;577;247;1061;15;1287;795
19,38943,SSFS,100,1609;119;1678;1487;1591;840;145;572;1132;573;566;564;413;1428;1631;147;579;1701;946;1488;580;1680;877;574;238;481;563;1263;1180;945;112;333;961;968;913;120;578;712;1408;117;1213;1665;1164;1331;1580;1131;21;402;1148;875;1385;153;1335;161;1301;151;577;474;854;1628;1078;981;1117;429;1511;1279;847;1683;149;629;1383;1077;1354;971;1627;1634;648;430;1025;575;1311;106;1384;1503;1535;916;154;1333;890;1668;110;362;15;1630;812;118;103;1557;1664;1621
