trajectory,parameterization,dtype,epochs,subset_size,max_abs_error,swapped_max_abs_error,nonswapped_max_abs_error,bitwise_mismatches,selection_changed_q10
0,symmetric,float32,150,43,0.0,0.0,0.0,0,0
1,symmetric,float32,150,70,0.0,0.0,0.0,0,0
2,symmetric,float32,150,56,0.0,0.0,0.0,0,0
3,symmetric,float32,150,55,0.0,0.0,0.0,0,0
4,symmetric,float32,150,38,0.0,0.0,0.0,0,0
5,symmetric,float32,150,12,0.0,0.0,0.0,0,0
6,symmetric,float32,150,13,0.0,0.0,0.0,0,0
7,symmetric,float32,150,15,0.0,0.0,0.0,0,0
8,symmetric,float32,150,19,0.0,0.0,0.0,0,0
9,symmetric,float32,150,8,0.0,0.0,0.0,0,0
10,symmetric,float32,150,20,0.0,0.0,0.0,0,0
11,symmetric,float32,150,30,0.0,0.0,0.0,0,0
12,symmetric,float32,150,40,0.0,0.0,0.0,0,0
13,symmetric,float32,150,59,0.0,0.0,0.0,0,0
14,symmetric,float32,150,29,0.0,0.0,0.0,0,0
15,symmetric,float32,150,12,0.0,0.0,0.0,0,0
16,symmetric,float32,150,48,0.0,0.0,0.0,0,0
17,symmetric,float32,150,46,0.0,0.0,0.0,0,0
18,symmetric,float32,150,57,0.0,0.0,0.0,0,0
19,symmetric,float32,150,66,0.0,0.0,0.0,0,0
20,symmetric,float32,150,65,0.0,0.0,0.0,0,0
21,symmetric,float32,150,69,0.0,0.0,0.0,0,0
22,symmetric,float32,150,9,0.0,0.0,0.0,0,0
23,symmetric,float32,150,31,0.0,0.0,0.0,0,0
24,symmetric,float32,150,55,0.0,0.0,0.0,0,0
25,symmetric,float32,150,48,0.0,0.0,0.0,0,0
26,symmetric,float32,150,37,0.0,0.0,0.0,0,0
27,symmetric,float32,150,16,0.0,0.0,0.0,0,0
28,symmetric,float32,150,48,0.0,0.0,0.0,0,0
29,symmetric,float32,150,69,0.0,0.0,0.0,0,0
30,symmetric,float32,150,44,0.0,0.0,0.0,0,0
31,symmetric,float32,150,15,0.0,0.0,0.0,0,0
32,symmetric,float32,150,40,0.0,0.0,0.0,0,0
33,symmetric,float32,150,30,0.0,0.0,0.0,0,0
34,symmetric,float32,150,49,0.0,0.0,0.0,0,0
35,symmetric,float32,150,51,0.0,0.0,0.0,0,0
36,symmetric,float32,150,23,0.0,0.0,0.0,0,0
37,symmetric,float32,150,59,0.0,0.0,0.0,0,0
38,symmetric,float32,150,72,0.0,0.0,0.0,0,0
39,symmetric,float32,150,65,0.0,0.0,0.0,0,0
40,symmetric,float32,150,65,0.0,0.0,0.0,0,0
41,symmetric,float32,150,64,0.0,0.0,0.0,0,0
42,symmetric,float32,150,1,0.0,0.0,0.0,0,0
43,symmetric,float32,150,57,0.0,0.0,0.0,0,0
44,symmetric,float32,150,40,0.0,0.0,0.0,0,0
45,symmetric,float32,150,24,0.0,0.0,0.0,0,0
46,symmetric,float32,150,77,0.0,0.0,0.0,0,0
47,symmetric,float32,150,37,0.0,0.0,0.0,0,0
48,symmetric,float32,150,7,0.0,0.0,0.0,0,0
49,symmetric,float32,150,41,0.0,0.0,0.0,0,0
50,symmetric,float32,150,80,0.0,0.0,0.0,0,0
51,symmetric,float32,150,56,0.0,0.0,0.0,0,0
52,symmetric,float32,150,63,0.0,0.0,0.0,0,0
53,symmetric,float32,150,61,0.0,0.0,0.0,0,0
54,symmetric,float32,150,60,0.0,0.0,0.0,0,0
55,symmetric,float32,150,62,0.0,0.0,0.0,0,0
56,symmetric,float32,150,80,0.0,0.0,0.0,0,0
57,symmetric,float32,150,34,0.0,0.0,0.0,0,0
58,symmetric,float32,150,34,0.0,0.0,0.0,0,0
59,symmetric,float32,150,57,0.0,0.0,0.0,0,0
60,symmetric,float32,150,43,0.0,0.0,0.0,0,0
61,symmetric,float32,150,63,0.0,0.0,0.0,0,0
62,symmetric,float32,150,52,0.0,0.0,0.0,0,0
63,symmetric,float32,150,73,0.0,0.0,0.0,0,0
64,symmetric,float32,150,64,0.0,0.0,0.0,0,0
65,symmetric,float32,150,40,0.0,0.0,0.0,0,0
66,symmetric,float32,150,28,0.0,0.0,0.0,0,0
67,symmetric,float32,150,50,0.0,0.0,0.0,0,0
68,symmetric,float32,150,57,0.0,0.0,0.0,0,0
69,symmetric,float32,150,49,0.0,0.0,0.0,0,0
70,symmetric,float32,150,77,0.0,0.0,0.0,0,0
71,symmetric,float32,150,36,0.0,0.0,0.0,0,0
72,symmetric,float32,150,14,0.0,0.0,0.0,0,0
73,symmetric,float32,150,20,0.0,0.0,0.0,0,0
74,symmetric,float32,150,38,0.0,0.0,0.0,0,0
75,symmetric,float32,150,77,0.0,0.0,0.0,0,0
76,symmetric,float32,150,12,0.0,0.0,0.0,0,0
77,symmetric,float32,150,2,0.0,0.0,0.0,0,0
78,symmetric,float32,150,46,0.0,0.0,0.0,0,0
79,symmetric,float32,150,69,0.0,0.0,0.0,0,0
80,symmetric,float32,150,75,0.0,0.0,0.0,0,0
81,symmetric,float32,150,63,0.0,0.0,0.0,0,0
82,symmetric,float32,150,59,0.0,0.0,0.0,0,0
83,symmetric,float32,150,6,0.0,0.0,0.0,0,0
84,symmetric,float32,150,35,0.0,0.0,0.0,0,0
85,symmetric,float32,150,77,0.0,0.0,0.0,0,0
86,symmetric,float32,150,70,0.0,0.0,0.0,0,0
87,symmetric,float32,150,23,0.0,0.0,0.0,0,0
88,symmetric,float32,150,20,0.0,0.0,0.0,0,0
89,symmetric,float32,150,3,0.0,0.0,0.0,0,0
90,symmetric,float32,150,29,0.0,0.0,0.0,0,0
91,symmetric,float32,150,21,0.0,0.0,0.0,0,0
92,symmetric,float32,150,78,0.0,0.0,0.0,0,0
93,symmetric,float32,150,61,0.0,0.0,0.0,0,0
94,symmetric,float32,150,26,0.0,0.0,0.0,0,0
95,symmetric,float32,150,56,0.0,0.0,0.0,0,0
96,symmetric,float32,150,17,0.0,0.0,0.0,0,0
97,symmetric,float32,150,74,0.0,0.0,0.0,0,0
98,symmetric,float32,150,74,0.0,0.0,0.0,0,0
99,symmetric,float32,150,40,0.0,0.0,0.0,0,0
0,symmetric,float64,150,43,0.0,0.0,0.0,0,0
1,symmetric,float64,150,70,0.0,0.0,0.0,0,0
2,symmetric,float64,150,56,0.0,0.0,0.0,0,0
3,symmetric,float64,150,55,0.0,0.0,0.0,0,0
4,symmetric,float64,150,38,0.0,0.0,0.0,0,0
5,symmetric,float64,150,12,0.0,0.0,0.0,0,0
6,symmetric,float64,150,13,0.0,0.0,0.0,0,0
7,symmetric,float64,150,15,0.0,0.0,0.0,0,0
8,symmetric,float64,150,19,0.0,0.0,0.0,0,0
9,symmetric,float64,150,8,0.0,0.0,0.0,0,0
10,symmetric,float64,150,20,0.0,0.0,0.0,0,0
11,symmetric,float64,150,30,0.0,0.0,0.0,0,0
12,symmetric,float64,150,40,0.0,0.0,0.0,0,0
13,symmetric,float64,150,59,0.0,0.0,0.0,0,0
14,symmetric,float64,150,29,0.0,0.0,0.0,0,0
15,symmetric,float64,150,12,0.0,0.0,0.0,0,0
16,symmetric,float64,150,48,0.0,0.0,0.0,0,0
17,symmetric,float64,150,46,0.0,0.0,0.0,0,0
18,symmetric,float64,150,57,0.0,0.0,0.0,0,0
19,symmetric,float64,150,66,0.0,0.0,0.0,0,0
20,symmetric,float64,150,65,0.0,0.0,0.0,0,0
21,symmetric,float64,150,69,0.0,0.0,0.0,0,0
22,symmetric,float64,150,9,0.0,0.0,0.0,0,0
23,symmetric,float64,150,31,0.0,0.0,0.0,0,0
24,symmetric,float64,150,55,0.0,0.0,0.0,0,0
25,symmetric,float64,150,48,0.0,0.0,0.0,0,0
26,symmetric,float64,150,37,0.0,0.0,0.0,0,0
27,symmetric,float64,150,16,0.0,0.0,0.0,0,0
28,symmetric,float64,150,48,0.0,0.0,0.0,0,0
29,symmetric,float64,150,69,0.0,0.0,0.0,0,0
30,symmetric,float64,150,44,0.0,0.0,0.0,0,0
31,symmetric,float64,150,15,0.0,0.0,0.0,0,0
32,symmetric,float64,150,40,0.0,0.0,0.0,0,0
33,symmetric,float64,150,30,0.0,0.0,0.0,0,0
34,symmetric,float64,150,49,0.0,0.0,0.0,0,0
35,symmetric,float64,150,51,0.0,0.0,0.0,0,0
36,symmetric,float64,150,23,0.0,0.0,0.0,0,0
37,symmetric,float64,150,59,0.0,0.0,0.0,0,0
38,symmetric,float64,150,72,0.0,0.0,0.0,0,0
39,symmetric,float64,150,65,0.0,0.0,0.0,0,0
40,symmetric,float64,150,65,0.0,0.0,0.0,0,0
41,symmetric,float64,150,64,0.0,0.0,0.0,0,0
42,symmetric,float64,150,1,0.0,0.0,0.0,0,0
43,symmetric,float64,150,57,0.0,0.0,0.0,0,0
44,symmetric,float64,150,40,0.0,0.0,0.0,0,0
45,symmetric,float64,150,24,0.0,0.0,0.0,0,0
46,symmetric,float64,150,77,0.0,0.0,0.0,0,0
47,symmetric,float64,150,37,0.0,0.0,0.0,0,0
48,symmetric,float64,150,7,0.0,0.0,0.0,0,0
49,symmetric,float64,150,41,0.0,0.0,0.0,0,0
50,symmetric,float64,150,80,0.0,0.0,0.0,0,0
51,symmetric,float64,150,56,0.0,0.0,0.0,0,0
52,symmetric,float64,150,63,0.0,0.0,0.0,0,0
53,symmetric,float64,150,61,0.0,0.0,0.0,0,0
54,symmetric,float64,150,60,0.0,0.0,0.0,0,0
55,symmetric,float64,150,62,0.0,0.0,0.0,0,0
56,symmetric,float64,150,80,0.0,0.0,0.0,0,0
57,symmetric,float64,150,34,0.0,0.0,0.0,0,0
58,symmetric,float64,150,34,0.0,0.0,0.0,0,0
59,symmetric,float64,150,57,0.0,0.0,0.0,0,0
60,symmetric,float64,150,43,0.0,0.0,0.0,0,0
61,symmetric,float64,150,63,0.0,0.0,0.0,0,0
62,symmetric,float64,150,52,0.0,0.0,0.0,0,0
63,symmetric,float64,150,73,0.0,0.0,0.0,0,0
64,symmetric,float64,150,64,0.0,0.0,0.0,0,0
65,symmetric,float64,150,40,0.0,0.0,0.0,0,0
66,symmetric,float64,150,28,0.0,0.0,0.0,0,0
67,symmetric,float64,150,50,0.0,0.0,0.0,0,0
68,symmetric,float64,150,57,0.0,0.0,0.0,0,0
69,symmetric,float64,150,49,0.0,0.0,0.0,0,0
70,symmetric,float64,150,77,0.0,0.0,0.0,0,0
71,symmetric,float64,150,36,0.0,0.0,0.0,0,0
72,symmetric,float64,150,14,0.0,0.0,0.0,0,0
73,symmetric,float64,150,20,0.0,0.0,0.0,0,0
74,symmetric,float64,150,38,0.0,0.0,0.0,0,0
75,symmetric,float64,150,77,0.0,0.0,0.0,0,0
76,symmetric,float64,150,12,0.0,0.0,0.0,0,0
77,symmetric,float64,150,2,0.0,0.0,0.0,0,0
78,symmetric,float64,150,46,0.0,0.0,0.0,0,0
79,symmetric,float64,150,69,0.0,0.0,0.0,0,0
80,symmetric,float64,150,75,0.0,0.0,0.0,0,0
81,symmetric,float64,150,63,0.0,0.0,0.0,0,0
82,symmetric,float64,150,59,0.0,0.0,0.0,0,0
83,symmetric,float64,150,6,0.0,0.0,0.0,0,0
84,symmetric,float64,150,35,0.0,0.0,0.0,0,0
85,symmetric,float64,150,77,0.0,0.0,0.0,0,0
86,symmetric,float64,150,70,0.0,0.0,0.0,0,0
87,symmetric,float64,150,23,0.0,0.0,0.0,0,0
88,symmetric,float64,150,20,0.0,0.0,0.0,0,0
89,symmetric,float64,150,3,0.0,0.0,0.0,0,0
90,symmetric,float64,150,29,0.0,0.0,0.0,0,0
91,symmetric,float64,150,21,0.0,0.0,0.0,0,0
92,symmetric,float64,150,78,0.0,0.0,0.0,0,0
93,symmetric,float64,150,61,0.0,0.0,0.0,0,0
94,symmetric,float64,150,26,0.0,0.0,0.0,0,0
95,symmetric,float64,150,56,0.0,0.0,0.0,0,0
96,symmetric,float64,150,17,0.0,0.0,0.0,0,0
97,symmetric,float64,150,74,0.0,0.0,0.0,0,0
98,symmetric,float64,150,74,0.0,0.0,0.0,0,0
99,symmetric,float64,150,40,0.0,0.0,0.0,0,0
0,naive,float32,150,43,0.17562901973724365,0.13783979415893555,0.17562901973724365,80,0
1,naive,float32,150,70,0.030791044235229492,0.030791044235229492,0.01292431354522705,80,0
2,naive,float32,150,56,0.26082050800323486,0.26082050800323486,0.14744699001312256,80,0
3,naive,float32,150,55,0.157889723777771,0.157889723777771,0.07856035232543945,80,0
4,naive,float32,150,38,0.08824384212493896,0.07771450281143188,0.08824384212493896,80,0
5,naive,float32,150,12,0.0416831374168396,0.0416831374168396,0.04057413339614868,80,0
6,naive,float32,150,13,0.04124373197555542,0.0285261869430542,0.04124373197555542,80,0
7,naive,float32,150,15,0.059521257877349854,0.05726826190948486,0.059521257877349854,80,0
8,naive,float32,150,19,0.18317937850952148,0.06760537624359131,0.18317937850952148,80,0
9,naive,float32,150,8,0.024606525897979736,0.009926319122314453,0.024606525897979736,80,0
10,naive,float32,150,20,0.08392852544784546,0.08392852544784546,0.07519733905792236,80,1
11,naive,float32,150,30,0.17131268978118896,0.17131268978118896,0.13490509986877441,80,0
12,naive,float32,150,40,0.09578210115432739,0.09578210115432739,0.05308270454406738,80,0
13,naive,float32,150,59,0.13942760229110718,0.13942760229110718,0.08788561820983887,80,0
14,naive,float32,150,29,0.22101330757141113,0.22101330757141113,0.1405954360961914,80,0
15,naive,float32,150,12,0.06184887886047363,0.0403328537940979,0.06184887886047363,80,0
16,naive,float32,150,48,0.13236290216445923,0.09888839721679688,0.13236290216445923,80,0
17,naive,float32,150,46,0.055035948753356934,0.03425687551498413,0.055035948753356934,80,0
18,naive,float32,150,57,0.3758586049079895,0.323276162147522,0.3758586049079895,80,0
19,naive,float32,150,66,0.036267638206481934,0.036267638206481934,0.02166581153869629,80,0
20,naive,float32,150,65,0.242181658744812,0.242181658744812,0.20266693830490112,80,0
21,naive,float32,150,69,0.029485702514648438,0.029485702514648438,0.007514655590057373,80,0
22,naive,float32,150,9,0.07046651840209961,0.0649343729019165,0.07046651840209961,80,0
23,naive,float32,150,31,0.176333487033844,0.176333487033844,0.15587842464447021,80,0
24,naive,float32,150,55,0.2956254482269287,0.2956254482269287,0.2123727798461914,80,0
25,naive,float32,150,48,0.10041332244873047,0.0814008116722107,0.10041332244873047,80,0
26,naive,float32,150,37,0.20033621788024902,0.19038289785385132,0.20033621788024902,80,0
27,naive,float32,150,16,0.03284430503845215,0.03284430503845215,0.03175324201583862,80,0
28,naive,float32,150,48,0.14356780052185059,0.14356780052185059,0.1260625123977661,80,0
29,naive,float32,150,69,0.15573453903198242,0.15573453903198242,0.1342562437057495,80,0
30,naive,float32,150,44,0.10259068012237549,0.07801002264022827,0.10259068012237549,80,0
31,naive,float32,150,15,0.029645442962646484,0.0185433030128479,0.029645442962646484,80,0
32,naive,float32,150,40,0.03262883424758911,0.02862471342086792,0.03262883424758911,80,0
33,naive,float32,150,30,0.051890790462493896,0.045767128467559814,0.051890790462493896,80,0
34,naive,float32,150,49,0.1437888741493225,0.1437888741493225,0.0871727466583252,80,0
35,naive,float32,150,51,0.0438002347946167,0.035673439502716064,0.0438002347946167,80,0
36,naive,float32,150,23,0.08367788791656494,0.048186540603637695,0.08367788791656494,80,0
37,naive,float32,150,59,0.2699665427207947,0.23304533958435059,0.2699665427207947,80,0
38,naive,float32,150,72,0.19124650955200195,0.19124650955200195,0.11063218116760254,80,0
39,naive,float32,150,65,0.14321082830429077,0.14321082830429077,0.107765793800354,80,0
40,naive,float32,150,65,0.24715375900268555,0.24715375900268555,0.2347767949104309,80,0
41,naive,float32,150,64,0.15635991096496582,0.15635991096496582,0.14174425601959229,80,0
42,naive,float32,150,1,0.13065320253372192,0.06623691320419312,0.13065320253372192,80,1
43,naive,float32,150,57,0.06708866357803345,0.06437134742736816,0.06708866357803345,80,0
44,naive,float32,150,40,0.11230593919754028,0.075839102268219,0.11230593919754028,80,0
45,naive,float32,150,24,0.14584076404571533,0.14584076404571533,0.13997209072113037,80,1
46,naive,float32,150,77,0.20608383417129517,0.20608383417129517,0.014638781547546387,80,0
47,naive,float32,150,37,0.05949604511260986,0.0491718053817749,0.05949604511260986,80,0
48,naive,float32,150,7,0.05317342281341553,0.018869638442993164,0.05317342281341553,80,1
49,naive,float32,150,41,0.28289204835891724,0.20444202423095703,0.28289204835891724,80,0
50,naive,float32,150,80,0.24371963739395142,0.24371963739395142,0.0,80,0
51,naive,float32,150,56,0.2508671283721924,0.2228054404258728,0.2508671283721924,80,0
52,naive,float32,150,63,0.22430908679962158,0.22430908679962158,0.16086816787719727,80,0
53,naive,float32,150,61,0.399272084236145,0.31458723545074463,0.399272084236145,80,0
54,naive,float32,150,60,0.2700567841529846,0.2700567841529846,0.1319100260734558,80,0
55,naive,float32,150,62,0.08380550146102905,0.08380550146102905,0.041218101978302,80,0
56,naive,float32,150,80,0.1517878770828247,0.1517878770828247,0.0,80,0
57,naive,float32,150,34,0.13319456577301025,0.12480342388153076,0.13319456577301025,80,0
58,naive,float32,150,34,0.2161799669265747,0.2161799669265747,0.14101970195770264,80,0
59,naive,float32,150,57,0.16854959726333618,0.16854959726333618,0.16421759128570557,80,0
60,naive,float32,150,43,0.011909008026123047,0.011909008026123047,0.009886622428894043,80,0
61,naive,float32,150,63,0.046579062938690186,0.046579062938690186,0.03191661834716797,80,0
62,naive,float32,150,52,0.14191347360610962,0.14191347360610962,0.09243631362915039,80,0
63,naive,float32,150,73,0.05214226245880127,0.05214226245880127,0.02719748020172119,80,0
64,naive,float32,150,64,0.04236936569213867,0.04236936569213867,0.01891911029815674,80,0
65,naive,float32,150,40,0.07811206579208374,0.07514631748199463,0.07811206579208374,80,0
66,naive,float32,150,28,0.18490511178970337,0.1384342908859253,0.18490511178970337,80,0
67,naive,float32,150,50,0.09165573120117188,0.09165573120117188,0.06732451915740967,80,0
68,naive,float32,150,57,0.0709085464477539,0.0709085464477539,0.06261444091796875,80,0
69,naive,float32,150,49,0.10915970802307129,0.10915970802307129,0.06288254261016846,80,0
70,naive,float32,150,77,0.03692394495010376,0.03692394495010376,0.011529088020324707,80,0
71,naive,float32,150,36,0.1608508825302124,0.1290556788444519,0.1608508825302124,80,0
72,naive,float32,150,14,0.16331589221954346,0.0718224048614502,0.16331589221954346,80,0
73,naive,float32,150,20,0.2588329315185547,0.1878756284713745,0.2588329315185547,80,0
74,naive,float32,150,38,0.4630852937698364,0.34966886043548584,0.4630852937698364,80,0
75,naive,float32,150,77,0.09616202116012573,0.08950978517532349,0.09616202116012573,80,0
76,naive,float32,150,12,0.13456696271896362,0.10735934972763062,0.13456696271896362,80,0
77,naive,float32,150,2,0.13461822271347046,0.04282701015472412,0.13461822271347046,80,0
78,naive,float32,150,46,0.15622085332870483,0.11697566509246826,0.15622085332870483,80,0
79,naive,float32,150,69,0.032507479190826416,0.029563546180725098,0.032507479190826416,80,0
80,naive,float32,150,75,0.25772517919540405,0.25772517919540405,0.0670466423034668,80,0
81,naive,float32,150,63,0.11128389835357666,0.11128389835357666,0.07300889492034912,80,0
82,naive,float32,150,59,0.21559572219848633,0.21559572219848633,0.15542423725128174,80,0
83,naive,float32,150,6,0.09993362426757812,0.03496420383453369,0.09993362426757812,80,0
84,naive,float32,150,35,0.09968340396881104,0.09968340396881104,0.08124220371246338,80,0
85,naive,float32,150,77,0.19324374198913574,0.19324374198913574,0.07463639974594116,80,0
86,naive,float32,150,70,0.3015138506889343,0.3015138506889343,0.1483667492866516,80,0
87,naive,float32,150,23,0.28488826751708984,0.1634806990623474,0.28488826751708984,80,0
88,naive,float32,150,20,0.02157437801361084,0.02157437801361084,0.01584446430206299,80,0
89,naive,float32,150,3,0.13277667760849,0.04410886764526367,0.13277667760849,80,1
90,naive,float32,150,29,0.2838858366012573,0.15196019411087036,0.2838858366012573,80,0
91,naive,float32,150,21,0.13843977451324463,0.13843977451324463,0.12829208374023438,80,0
92,naive,float32,150,78,0.050757408142089844,0.050757408142089844,0.02559608221054077,80,0
93,naive,float32,150,61,0.23855286836624146,0.23855286836624146,0.1700865626335144,80,0
94,naive,float32,150,26,0.05082046985626221,0.0461122989654541,0.05082046985626221,80,0
95,naive,float32,150,56,0.08122307062149048,0.08122307062149048,0.06851816177368164,80,0
96,naive,float32,150,17,0.14920777082443237,0.1262723207473755,0.14920777082443237,80,0
97,naive,float32,150,74,0.18833810091018677,0.18833810091018677,0.1606653928756714,80,0
98,naive,float32,150,74,0.2042444944381714,0.2042444944381714,0.15270555019378662,80,0
99,naive,float32,150,40,0.09479469060897827,0.08570826053619385,0.09479469060897827,80,0
0,naive,float64,150,43,4.440892098500626e-16,3.3306690738754696e-16,4.440892098500626e-16,39,0
1,naive,float64,150,70,4.440892098500626e-16,3.3306690738754696e-16,4.440892098500626e-16,49,0
2,naive,float64,150,56,3.3306690738754696e-16,3.3306690738754696e-16,2.220446049250313e-16,50,0
3,naive,float64,150,55,4.440892098500626e-16,3.3306690738754696e-16,4.440892098500626e-16,42,0
4,naive,float64,150,38,4.440892098500626e-16,3.3306690738754696e-16,4.440892098500626e-16,34,0
5,naive,float64,150,12,4.440892098500626e-16,3.3306690738754696e-16,4.440892098500626e-16,22,0
6,naive,float64,150,13,4.440892098500626e-16,2.220446049250313e-16,4.440892098500626e-16,19,0
7,naive,float64,150,15,3.3306690738754696e-16,2.220446049250313e-16,3.3306690738754696e-16,29,0
8,naive,float64,150,19,4.440892098500626e-16,3.3306690738754696e-16,4.440892098500626e-16,40,0
9,naive,float64,150,8,4.440892098500626e-16,3.3306690738754696e-16,4.440892098500626e-16,31,0
10,naive,float64,150,20,4.440892098500626e-16,3.3306690738754696e-16,4.440892098500626e-16,30,0
11,naive,float64,150,30,4.440892098500626e-16,3.3306690738754696e-16,4.440892098500626e-16,34,0
12,naive,float64,150,40,4.440892098500626e-16,4.440892098500626e-16,4.440892098500626e-16,34,0
13,naive,float64,150,59,4.440892098500626e-16,4.440892098500626e-16,2.220446049250313e-16,43,0
14,naive,float64,150,29,4.440892098500626e-16,3.3306690738754696e-16,4.440892098500626e-16,30,0
15,naive,float64,150,12,4.440892098500626e-16,2.220446049250313e-16,4.440892098500626e-16,29,0
16,naive,float64,150,48,4.440892098500626e-16,3.3306690738754696e-16,4.440892098500626e-16,42,0
17,naive,float64,150,46,4.440892098500626e-16,2.220446049250313e-16,4.440892098500626e-16,48,0
18,naive,float64,150,57,4.440892098500626e-16,4.440892098500626e-16,4.440892098500626e-16,41,0
19,naive,float64,150,66,2.220446049250313e-16,2.220446049250313e-16,2.220446049250313e-16,40,0
20,naive,float64,150,65,3.3306690738754696e-16,3.3306690738754696e-16,2.220446049250313e-16,46,0
21,naive,float64,150,69,3.3306690738754696e-16,3.3306690738754696e-16,2.220446049250313e-16,51,0
22,naive,float64,150,9,4.440892098500626e-16,4.440892098500626e-16,4.440892098500626e-16,28,0
23,naive,float64,150,31,4.440892098500626e-16,3.3306690738754696e-16,4.440892098500626e-16,26,0
24,naive,float64,150,55,4.440892098500626e-16,4.440892098500626e-16,4.440892098500626e-16,47,0
25,naive,float64,150,48,4.440892098500626e-16,4.440892098500626e-16,2.220446049250313e-16,43,0
26,naive,float64,150,37,4.440892098500626e-16,3.3306690738754696e-16,4.440892098500626e-16,41,0
27,naive,float64,150,16,2.220446049250313e-16,2.220446049250313e-16,2.220446049250313e-16,23,0
28,naive,float64,150,48,4.440892098500626e-16,3.3306690738754696e-16,4.440892098500626e-16,37,0
29,naive,float64,150,69,3.3306690738754696e-16,3.3306690738754696e-16,2.220446049250313e-16,45,0
30,naive,float64,150,44,4.440892098500626e-16,3.3306690738754696e-16,4.440892098500626e-16,44,0
31,naive,float64,150,15,4.440892098500626e-16,3.3306690738754696e-16,4.440892098500626e-16,26,0
32,naive,float64,150,40,4.440892098500626e-16,2.220446049250313e-16,4.440892098500626e-16,39,0
33,naive,float64,150,30,4.440892098500626e-16,2.220446049250313e-16,4.440892098500626e-16,39,0
34,naive,float64,150,49,4.440892098500626e-16,4.440892098500626e-16,4.440892098500626e-16,42,0
35,naive,float64,150,51,4.440892098500626e-16,4.440892098500626e-16,4.440892098500626e-16,41,0
36,naive,float64,150,23,4.440892098500626e-16,2.220446049250313e-16,4.440892098500626e-16,32,0
37,naive,float64,150,59,3.3306690738754696e-16,3.3306690738754696e-16,3.3306690738754696e-16,42,0
38,naive,float64,150,72,4.440892098500626e-16,4.440892098500626e-16,4.440892098500626e-16,48,0
39,naive,float64,150,65,4.440892098500626e-16,4.440892098500626e-16,4.440892098500626e-16,49,0
40,naive,float64,150,65,3.3306690738754696e-16,3.3306690738754696e-16,2.220446049250313e-16,47,0
41,naive,float64,150,64,4.440892098500626e-16,4.440892098500626e-16,2.220446049250313e-16,46,0
42,naive,float64,150,1,4.440892098500626e-16,2.220446049250313e-16,4.440892098500626e-16,31,0
43,naive,float64,150,57,3.3306690738754696e-16,3.3306690738754696e-16,2.220446049250313e-16,44,0
44,naive,float64,150,40,4.440892098500626e-16,3.3306690738754696e-16,4.440892098500626e-16,36,0
45,naive,float64,150,24,4.440892098500626e-16,2.220446049250313e-16,4.440892098500626e-16,30,0
46,naive,float64,150,77,3.3306690738754696e-16,3.3306690738754696e-16,2.220446049250313e-16,50,0
47,naive,float64,150,37,4.440892098500626e-16,3.3306690738754696e-16,4.440892098500626e-16,38,0
48,naive,float64,150,7,4.440892098500626e-16,4.440892098500626e-16,4.440892098500626e-16,25,0
49,naive,float64,150,41,4.440892098500626e-16,3.3306690738754696e-16,4.440892098500626e-16,41,0
50,naive,float64,150,80,4.440892098500626e-16,4.440892098500626e-16,0.0,45,0
51,naive,float64,150,56,4.440892098500626e-16,3.3306690738754696e-16,4.440892098500626e-16,45,0
52,naive,float64,150,63,3.3306690738754696e-16,3.3306690738754696e-16,2.220446049250313e-16,43,0
53,naive,float64,150,61,3.3306690738754696e-16,3.3306690738754696e-16,2.220446049250313e-16,37,0
54,naive,float64,150,60,4.440892098500626e-16,4.440892098500626e-16,4.440892098500626e-16,45,0
55,naive,float64,150,62,4.440892098500626e-16,3.3306690738754696e-16,4.440892098500626e-16,43,0
56,naive,float64,150,80,3.3306690738754696e-16,3.3306690738754696e-16,0.0,48,0
57,naive,float64,150,34,4.440892098500626e-16,4.440892098500626e-16,4.440892098500626e-16,35,0
58,naive,float64,150,34,4.440892098500626e-16,2.220446049250313e-16,4.440892098500626e-16,33,0
59,naive,float64,150,57,4.440892098500626e-16,3.3306690738754696e-16,4.440892098500626e-16,44,0
60,naive,float64,150,43,4.440892098500626e-16,3.3306690738754696e-16,4.440892098500626e-16,35,0
61,naive,float64,150,63,4.440892098500626e-16,4.440892098500626e-16,4.440892098500626e-16,51,0
62,naive,float64,150,52,3.3306690738754696e-16,3.3306690738754696e-16,2.220446049250313e-16,44,0
63,naive,float64,150,73,4.440892098500626e-16,3.3306690738754696e-16,4.440892098500626e-16,44,0
64,naive,float64,150,64,3.3306690738754696e-16,3.3306690738754696e-16,2.220446049250313e-16,45,0
65,naive,float64,150,40,3.3306690738754696e-16,3.3306690738754696e-16,2.220446049250313e-16,41,0
66,naive,float64,150,28,4.440892098500626e-16,3.3306690738754696e-16,4.440892098500626e-16,32,0
67,naive,float64,150,50,3.3306690738754696e-16,3.3306690738754696e-16,2.220446049250313e-16,36,0
68,naive,float64,150,57,4.440892098500626e-16,4.440892098500626e-16,4.440892098500626e-16,42,0
69,naive,float64,150,49,4.440892098500626e-16,3.3306690738754696e-16,4.440892098500626e-16,42,0
70,naive,float64,150,77,4.440892098500626e-16,4.440892098500626e-16,2.220446049250313e-16,53,0
71,naive,float64,150,36,4.440892098500626e-16,3.3306690738754696e-16,4.440892098500626e-16,35,0
72,naive,float64,150,14,2.220446049250313e-16,2.220446049250313e-16,2.220446049250313e-16,19,0
73,naive,float64,150,20,4.440892098500626e-16,3.3306690738754696e-16,4.440892098500626e-16,27,0
74,naive,float64,150,38,3.3306690738754696e-16,3.3306690738754696e-16,2.220446049250313e-16,34,0
75,naive,float64,150,77,4.440892098500626e-16,4.440892098500626e-16,0.0,58,0
76,naive,float64,150,12,3.3306690738754696e-16,3.3306690738754696e-16,3.3306690738754696e-16,25,0
77,naive,float64,150,2,4.440892098500626e-16,0.0,4.440892098500626e-16,25,0
78,naive,float64,150,46,4.440892098500626e-16,3.3306690738754696e-16,4.440892098500626e-16,38,0
79,naive,float64,150,69,5.551115123125783e-16,5.551115123125783e-16,4.440892098500626e-16,52,0
80,naive,float64,150,75,3.3306690738754696e-16,3.3306690738754696e-16,0.0,53,0
81,naive,float64,150,63,4.440892098500626e-16,4.440892098500626e-16,2.220446049250313e-16,43,0
82,naive,float64,150,59,3.3306690738754696e-16,3.3306690738754696e-16,2.220446049250313e-16,44,0
83,naive,float64,150,6,4.440892098500626e-16,2.220446049250313e-16,4.440892098500626e-16,18,0
84,naive,float64,150,35,4.440892098500626e-16,3.3306690738754696e-16,4.440892098500626e-16,41,0
85,naive,float64,150,77,3.3306690738754696e-16,3.3306690738754696e-16,2.220446049250313e-16,46,0
86,naive,float64,150,70,4.440892098500626e-16,4.440892098500626e-16,2.220446049250313e-16,50,0
87,naive,float64,150,23,2.220446049250313e-16,2.220446049250313e-16,2.220446049250313e-16,33,0
88,naive,float64,150,20,4.440892098500626e-16,3.3306690738754696e-16,4.440892098500626e-16,35,0
89,naive,float64,150,3,4.440892098500626e-16,1.1102230246251565e-16,4.440892098500626e-16,23,0
90,naive,float64,150,29,3.3306690738754696e-16,3.3306690738754696e-16,2.220446049250313e-16,29,0
91,naive,float64,150,21,4.440892098500626e-16,3.3306690738754696e-16,4.440892098500626e-16,27,0
92,naive,float64,150,78,4.440892098500626e-16,4.440892098500626e-16,0.0,60,0
93,naive,float64,150,61,4.440892098500626e-16,3.3306690738754696e-16,4.440892098500626e-16,38,0
94,naive,float64,150,26,4.440892098500626e-16,3.3306690738754696e-16,4.440892098500626e-16,31,0
95,naive,float64,150,56,4.440892098500626e-16,3.3306690738754696e-16,4.440892098500626e-16,56,0
96,naive,float64,150,17,4.440892098500626e-16,2.220446049250313e-16,4.440892098500626e-16,25,0
97,naive,float64,150,74,3.3306690738754696e-16,3.3306690738754696e-16,2.220446049250313e-16,51,0
98,naive,float64,150,74,4.440892098500626e-16,3.3306690738754696e-16,4.440892098500626e-16,48,0
99,naive,float64,150,40,4.440892098500626e-16,3.3306690738754696e-16,4.440892098500626e-16,36,0
