panel,series,a,q,mean,ci_low,ci_high,bin_left,bin_right,count
a,FDP,0.15,0.05,0.019799999999999998,0.0,0.045,,,
a,FDP,0.15,0.1,0.06732016942988811,0.03769919033864686,0.10039544003311265,,,
a,FDP,0.15,0.15,0.11950955545694569,0.08458186242994525,0.15492393348235475,,,
a,FDP,0.2,0.05,0.023713470104774446,0.01044122383252818,0.0405221866700127,,,
a,FDP,0.2,0.1,0.09326046061668712,0.0679896703727292,0.120059908936904,,,
a,FDP,0.2,0.15,0.16022907683832127,0.1291223665010476,0.19364516973770746,,,
a,FDP,0.3,0.05,0.03247783925145207,0.020699105330410937,0.04577453481386932,,,
a,FDP,0.3,0.1,0.10766937293671683,0.08501161171044135,0.13164499955994316,,,
a,FDP,0.3,0.15,0.15042469258531224,0.12427114138248353,0.1774683777580651,,,
a,FDP,0.4,0.05,0.03305482104865406,0.021661075617930448,0.046573553182269946,,,
a,FDP,0.4,0.1,0.0985707146818963,0.07791308749631677,0.12008230590805992,,,
a,FDP,0.4,0.15,0.15064072643689438,0.12552785940164343,0.1767582707355323,,,
a,FDP,0.5,0.05,0.028712039067826534,0.01844964606077034,0.04000685494139002,,,
a,FDP,0.5,0.1,0.10706230287487152,0.08792554118192038,0.12774954909515604,,,
a,FDP,0.5,0.15,0.15143046163386517,0.12470601039239793,0.17877958206017674,,,
a,FDP,0.75,0.05,0.03067118049565866,0.02073680351906157,0.04181131044793281,,,
a,FDP,0.75,0.1,0.09865930522040077,0.07931064630495681,0.11836439236975724,,,
a,FDP,0.75,0.15,0.1544037073961206,0.13339764441517668,0.17609409233708112,,,
b,power,0.15,0.05,0.03133333333333333,0.0,0.07066666666666666,,,
b,power,0.15,0.1,0.16733333333333333,0.10799999999999998,0.23,,,
b,power,0.15,0.15,0.294,0.22666666666666666,0.3586666666666667,,,
b,power,0.2,0.05,0.16866666666666666,0.08666666666666666,0.25733333333333336,,,
b,power,0.2,0.1,0.614,0.5513333333333333,0.6726666666666666,,,
b,power,0.2,0.15,0.7413333333333333,0.6986666666666665,0.7813333333333332,,,
b,power,0.3,0.05,0.9079999999999999,0.8839999999999999,0.9306666666666668,,,
b,power,0.3,0.1,0.972,0.9633333333333333,0.9806666666666666,,,
b,power,0.3,0.15,0.9853333333333333,0.9786666666666668,0.9913333333333334,,,
b,power,0.4,0.05,0.9926666666666668,0.9873333333333334,0.9973333333333333,,,
b,power,0.4,0.1,0.9980000000000001,0.9953333333333333,1.0,,,
b,power,0.4,0.15,0.9980000000000001,0.9953333333333333,1.0,,,
b,power,0.5,0.05,1.0,1.0,1.0,,,
b,power,0.5,0.1,1.0,1.0,1.0,,,
b,power,0.5,0.15,1.0,1.0,1.0,,,
b,power,0.75,0.05,1.0,1.0,1.0,,,
b,power,0.75,0.1,1.0,1.0,1.0,,,
b,power,0.75,0.15,1.0,1.0,1.0,,,
c,null,0.4,,,,,-0.8093012148141862,-0.7688361540734768,0
c,null,0.4,,,,,-0.7688361540734768,-0.7283710933327675,0
c,null,0.4,,,,,-0.7283710933327675,-0.6879060325920582,0
c,null,0.4,,,,,-0.6879060325920582,-0.647440971851349,0
c,null,0.4,,,,,-0.647440971851349,-0.6069759111106396,0
c,null,0.4,,,,,-0.6069759111106396,-0.5665108503699303,0
c,null,0.4,,,,,-0.5665108503699303,-0.526045789629221,0
c,null,0.4,,,,,-0.526045789629221,-0.48558072888851167,0
c,null,0.4,,,,,-0.48558072888851167,-0.44511566814780235,0
c,null,0.4,,,,,-0.44511566814780235,-0.404650607407093,0
c,null,0.4,,,,,-0.404650607407093,-0.36418554666638375,0
c,null,0.4,,,,,-0.36418554666638375,-0.32372048592567443,2
c,null,0.4,,,,,-0.32372048592567443,-0.28325542518496516,3
c,null,0.4,,,,,-0.28325542518496516,-0.24279036444425584,11
c,null,0.4,,,,,-0.24279036444425584,-0.2023253037035465,28
c,null,0.4,,,,,-0.2023253037035465,-0.1618602429628372,52
c,null,0.4,,,,,-0.1618602429628372,-0.12139518222212786,126
c,null,0.4,,,,,-0.12139518222212786,-0.08093012148141854,222
c,null,0.4,,,,,-0.08093012148141854,-0.04046506074070921,346
c,null,0.4,,,,,-0.04046506074070921,1.1102230246251565e-16,418
c,null,0.4,,,,,1.1102230246251565e-16,0.040465060740709324,441
c,null,0.4,,,,,0.040465060740709324,0.08093012148141865,401
c,null,0.4,,,,,0.08093012148141865,0.12139518222212797,227
c,null,0.4,,,,,0.12139518222212797,0.1618602429628373,128
c,null,0.4,,,,,0.1618602429628373,0.2023253037035465,53
c,null,0.4,,,,,0.2023253037035465,0.24279036444425584,29
c,null,0.4,,,,,0.24279036444425584,0.28325542518496516,10
c,null,0.4,,,,,0.28325542518496516,0.3237204859256745,3
c,null,0.4,,,,,0.3237204859256745,0.3641855466663838,0
c,null,0.4,,,,,0.3641855466663838,0.40465060740709313,0
c,null,0.4,,,,,0.40465060740709313,0.44511566814780246,0
c,null,0.4,,,,,0.44511566814780246,0.4855807288885118,0
c,null,0.4,,,,,0.4855807288885118,0.5260457896292211,0
c,null,0.4,,,,,0.5260457896292211,0.5665108503699304,0
c,null,0.4,,,,,0.5665108503699304,0.6069759111106398,0
c,null,0.4,,,,,0.6069759111106398,0.6474409718513491,0
c,null,0.4,,,,,0.6474409718513491,0.6879060325920584,0
c,null,0.4,,,,,0.6879060325920584,0.7283710933327677,0
c,null,0.4,,,,,0.7283710933327677,0.768836154073477,0
c,null,0.4,,,,,0.768836154073477,0.8093012148141862,0
c,nonnull,0.4,,,,,-0.8093012148141862,-0.7688361540734768,0
c,nonnull,0.4,,,,,-0.7688361540734768,-0.7283710933327675,0
c,nonnull,0.4,,,,,-0.7283710933327675,-0.6879060325920582,0
c,nonnull,0.4,,,,,-0.6879060325920582,-0.647440971851349,0
c,nonnull,0.4,,,,,-0.647440971851349,-0.6069759111106396,0
c,nonnull,0.4,,,,,-0.6069759111106396,-0.5665108503699303,0
c,nonnull,0.4,,,,,-0.5665108503699303,-0.526045789629221,0
c,nonnull,0.4,,,,,-0.526045789629221,-0.48558072888851167,0
c,nonnull,0.4,,,,,-0.48558072888851167,-0.44511566814780235,0
c,nonnull,0.4,,,,,-0.44511566814780235,-0.404650607407093,0
c,nonnull,0.4,,,,,-0.404650607407093,-0.36418554666638375,0
c,nonnull,0.4,,,,,-0.36418554666638375,-0.32372048592567443,0
c,nonnull,0.4,,,,,-0.32372048592567443,-0.28325542518496516,0
c,nonnull,0.4,,,,,-0.28325542518496516,-0.24279036444425584,0
c,nonnull,0.4,,,,,-0.24279036444425584,-0.2023253037035465,0
c,nonnull,0.4,,,,,-0.2023253037035465,-0.1618602429628372,0
c,nonnull,0.4,,,,,-0.1618602429628372,-0.12139518222212786,0
c,nonnull,0.4,,,,,-0.12139518222212786,-0.08093012148141854,0
c,nonnull,0.4,,,,,-0.08093012148141854,-0.04046506074070921,0
c,nonnull,0.4,,,,,-0.04046506074070921,1.1102230246251565e-16,0
c,nonnull,0.4,,,,,1.1102230246251565e-16,0.040465060740709324,0
c,nonnull,0.4,,,,,0.040465060740709324,0.08093012148141865,0
c,nonnull,0.4,,,,,0.08093012148141865,0.12139518222212797,1
c,nonnull,0.4,,,,,0.12139518222212797,0.1618602429628373,2
c,nonnull,0.4,,,,,0.1618602429628373,0.2023253037035465,2
c,nonnull,0.4,,,,,0.2023253037035465,0.24279036444425584,7
c,nonnull,0.4,,,,,0.24279036444425584,0.28325542518496516,9
c,nonnull,0.4,,,,,0.28325542518496516,0.3237204859256745,21
c,nonnull,0.4,,,,,0.3237204859256745,0.3641855466663838,39
c,nonnull,0.4,,,,,0.3641855466663838,0.40465060740709313,61
c,nonnull,0.4,,,,,0.40465060740709313,0.44511566814780246,103
c,nonnull,0.4,,,,,0.44511566814780246,0.4855807288885118,169
c,nonnull,0.4,,,,,0.4855807288885118,0.5260457896292211,211
c,nonnull,0.4,,,,,0.5260457896292211,0.5665108503699304,234
c,nonnull,0.4,,,,,0.5665108503699304,0.6069759111106398,246
c,nonnull,0.4,,,,,0.6069759111106398,0.6474409718513491,189
c,nonnull,0.4,,,,,0.6474409718513491,0.6879060325920584,130
c,nonnull,0.4,,,,,0.6879060325920584,0.7283710933327677,56
c,nonnull,0.4,,,,,0.7283710933327677,0.768836154073477,18
c,nonnull,0.4,,,,,0.768836154073477,0.8093012148141862,2
